# First field is # dimensions of each datapoint, 2nd is gesture class, Next fields are raw time series in order t_f1[0], t_f2[0], t_f3[0] etc. where f1, f2, etc are features and [0] is time
3,1,144.0,112.0,-848.0,144.0,112.0,-848.0,128.0,144.0,-864.0,128.0,144.0,-864.0,128.0,144.0,-864.0,144.0,96.0,-1024.0,144.0,96.0,-1024.0,144.0,96.0,-1024.0,144.0,96.0,-1024.0,160.0,32.0,-1328.0,160.0,32.0,-1328.0,160.0,32.0,-1328.0,144.0,80.0,-1696.0,144.0,80.0,-1696.0,144.0,80.0,-1696.0,128.0,224.0,-2048.0,128.0,224.0,-2048.0,128.0,224.0,-2048.0,112.0,240.0,-2048.0,112.0,240.0,-2048.0,112.0,240.0,-2048.0,112.0,240.0,-2048.0,192.0,80.0,-2048.0,192.0,80.0,-2048.0,192.0,80.0,-2048.0,320.0,48.0,-2048.0,320.0,48.0,-2048.0,320.0,48.0,-2048.0,496.0,176.0,-2048.0,496.0,176.0,-2048.0,496.0,176.0,-2048.0,576.0,592.0,-2048.0,576.0,592.0,-2048.0,576.0,592.0,-2048.0,576.0,592.0,-2048.0,672.0,912.0,-2048.0,672.0,912.0,-2048.0,672.0,912.0,-2048.0,880.0,784.0,-2048.0,880.0,784.0,-2048.0,880.0,784.0,-2048.0,1072.0,352.0,-2048.0,1072.0,352.0,-2048.0,1072.0,352.0,-2048.0,1200.0,160.0,-2048.0,1200.0,160.0,-2048.0,1200.0,160.0,-2048.0,1200.0,160.0,-2048.0,1376.0,128.0,-1648.0,1376.0,128.0,-1648.0,1376.0,128.0,-1648.0,1456.0,288.0,-1344.0,1456.0,288.0,-1344.0,1456.0,288.0,-1344.0,1424.0,272.0,-912.0,1424.0,272.0,-912.0,1424.0,272.0,-912.0,1440.0,368.0,-784.0,1440.0,368.0,-784.0,1440.0,368.0,-784.0,1440.0,368.0,-784.0,1392.0,528.0,-384.0,1392.0,528.0,-384.0,1392.0,528.0,-384.0,1280.0,608.0,384.0,1280.0,608.0,384.0,1280.0,608.0,384.0,1184.0,112.0,1056.0,1184.0,112.0,1056.0,1184.0,112.0,1056.0,800.0,-96.0,1168.0,800.0,-96.0,1168.0,800.0,-96.0,1168.0,800.0,-96.0,1168.0,592.0,-288.0,1792.0,592.0,-288.0,1792.0,592.0,-288.0,1792.0,416.0,-368.0,2032.0,416.0,-368.0,2032.0,416.0,-368.0,2032.0,176.0,-416.0,2032.0,176.0,-416.0,2032.0,176.0,-416.0,2032.0,112.0,-368.0,2032.0,112.0,-368.0,2032.0,112.0,-368.0,2032.0,112.0,-368.0,2032.0,96.0,-288.0,2032.0,96.0,-288.0,2032.0,96.0,-288.0,2032.0,32.0,-96.0,2032.0,32.0,-96.0,2032.0,32.0,-96.0,2032.0,-48.0,96.0,2032.0,-48.0,96.0,2032.0,-48.0,96.0,2032.0,-64.0,64.0,1888.0,-64.0,64.0,1888.0,-64.0,64.0,1888.0,-64.0,64.0,1888.0,-48.0,-80.0,1664.0,-48.0,-80.0,1664.0,-48.0,-80.0,1664.0,16.0,-256.0,1392.0,16.0,-256.0,1392.0,16.0,-256.0,1392.0,48.0,-272.0,928.0,48.0,-272.0,928.0,48.0,-272.0,928.0,-48.0,-96.0,368.0,-48.0,-96.0,368.0,-48.0,-96.0,368.0,-48.0,-96.0,368.0,-160.0,128.0,-32.0,-160.0,128.0,-32.0,-160.0,128.0,-32.0,-240.0,64.0,-432.0,-240.0,64.0,-432.0,-240.0,64.0,-432.0,-336.0,-160.0,-880.0,-336.0,-160.0,-880.0,-336.0,-160.0,-880.0,-400.0,-96.0,-1104.0,-400.0,-96.0,-1104.0,-400.0,-96.0,-1104.0,-400.0,-96.0,-1104.0,-496.0,-80.0,-1456.0,-496.0,-80.0,-1456.0,-496.0,-80.0,-1456.0,-656.0,-176.0,-1872.0,-656.0,-176.0,-1872.0,-656.0,-176.0,-1872.0,-816.0,-64.0,-1888.0,-816.0,-64.0,-1888.0,-816.0,-64.0,-1888.0,-832.0,96.0,-1376.0,-832.0,96.0,-1376.0,-832.0,96.0,-1376.0,-832.0,96.0,-1376.0,-848.0,-32.0,-1168.0,-848.0,-32.0,-1168.0,-848.0,-32.0,-1168.0,-752.0,-288.0,-1152.0,-752.0,-288.0,-1152.0,-752.0,-288.0,-1152.0,-736.0,-304.0,-1072.0,-736.0,-304.0,-1072.0,-736.0,-304.0,-1072.0,-640.0,-128.0,-864.0,-640.0,-128.0,-864.0,-640.0,-128.0,-864.0,-640.0,-128.0,-864.0,-512.0,48.0,-624.0,-512.0,48.0,-624.0,-512.0,48.0,-624.0,-496.0,112.0,-576.0,-496.0,112.0,-576.0,-496.0,112.0,-576.0,-528.0,48.0,-1040.0,-528.0,48.0,-1040.0,-528.0,48.0,-1040.0,-576.0,80.0,-1344.0,-576.0,80.0,-1344.0,-576.0,80.0,-1344.0,-576.0,80.0,-1344.0,-608.0,176.0,-1296.0,-608.0,176.0,-1296.0,-608.0,176.0,-1296.0,-528.0,128.0,-960.0,-528.0,128.0,-960.0,-528.0,128.0,-960.0,-480.0,0.0,-1072.0,-480.0,0.0,-1072.0,-480.0,0.0,-1072.0,-496.0,-144.0,-1344.0,
3,1,64.0,304.0,-1072.0,64.0,304.0,-1072.0,80.0,272.0,-1248.0,80.0,272.0,-1248.0,80.0,272.0,-1248.0,176.0,128.0,-1472.0,176.0,128.0,-1472.0,176.0,128.0,-1472.0,208.0,64.0,-1488.0,208.0,64.0,-1488.0,208.0,64.0,-1488.0,208.0,64.0,-1488.0,160.0,144.0,-1440.0,160.0,144.0,-1440.0,160.0,144.0,-1440.0,144.0,240.0,-1424.0,144.0,240.0,-1424.0,144.0,240.0,-1424.0,144.0,272.0,-1408.0,144.0,272.0,-1408.0,144.0,272.0,-1408.0,224.0,224.0,-1520.0,224.0,224.0,-1520.0,224.0,224.0,-1520.0,224.0,224.0,-1520.0,320.0,128.0,-1888.0,320.0,128.0,-1888.0,320.0,128.0,-1888.0,512.0,112.0,-2048.0,512.0,112.0,-2048.0,512.0,112.0,-2048.0,576.0,352.0,-2048.0,576.0,352.0,-2048.0,576.0,352.0,-2048.0,720.0,960.0,-2048.0,720.0,960.0,-2048.0,720.0,960.0,-2048.0,720.0,960.0,-2048.0,1248.0,1264.0,-2048.0,1248.0,1264.0,-2048.0,1248.0,1264.0,-2048.0,2032.0,992.0,-2048.0,2032.0,992.0,-2048.0,2032.0,992.0,-2048.0,2048.0,608.0,-2048.0,2048.0,608.0,-2048.0,2048.0,608.0,-2048.0,2048.0,608.0,-1920.0,2048.0,448.0,-1920.0,2048.0,448.0,-1920.0,2048.0,448.0,-1920.0,2048.0,304.0,-640.0,2048.0,304.0,-640.0,2048.0,304.0,-640.0,2048.0,464.0,320.0,2048.0,464.0,320.0,2048.0,464.0,320.0,2048.0,784.0,944.0,2048.0,784.0,944.0,2048.0,784.0,944.0,2048.0,784.0,944.0,2032.0,976.0,1488.0,2032.0,976.0,1488.0,2032.0,976.0,1488.0,1472.0,960.0,2032.0,1472.0,960.0,2032.0,1472.0,960.0,2032.0,960.0,496.0,2032.0,960.0,496.0,2032.0,960.0,496.0,2032.0,528.0,-16.0,2032.0,528.0,-16.0,2032.0,528.0,-16.0,2032.0,528.0,-16.0,2032.0,176.0,-320.0,2032.0,176.0,-320.0,2032.0,176.0,-320.0,2032.0,-48.0,-256.0,2032.0,-48.0,-256.0,2032.0,-48.0,-256.0,2032.0,-208.0,-48.0,2032.0,-208.0,-48.0,2032.0,-208.0,-48.0,2032.0,-368.0,80.0,1632.0,-368.0,80.0,1632.0,-368.0,80.0,1632.0,-368.0,80.0,1632.0,-416.0,80.0,1216.0,-416.0,80.0,1216.0,-416.0,80.0,1216.0,-432.0,32.0,736.0,-432.0,32.0,736.0,-432.0,32.0,736.0,-528.0,64.0,224.0,-528.0,64.0,224.0,-528.0,64.0,224.0,-672.0,64.0,-160.0,-672.0,64.0,-160.0,-672.0,64.0,-160.0,-672.0,64.0,-160.0,-704.0,-80.0,-512.0,-704.0,-80.0,-512.0,-704.0,-80.0,-512.0,-720.0,-160.0,-608.0,-720.0,-160.0,-608.0,-720.0,-160.0,-608.0,-672.0,-480.0,-928.0,-672.0,-480.0,-928.0,-672.0,-480.0,-928.0,-720.0,-608.0,-1264.0,-720.0,-608.0,-1264.0,-720.0,-608.0,-1264.0,-720.0,-608.0,-1264.0,-800.0,-64.0,-1008.0,-800.0,-64.0,-1008.0,-800.0,-64.0,-1008.0,-816.0,208.0,-976.0,-816.0,208.0,-976.0,-816.0,208.0,-976.0,-832.0,0.0,-1120.0,-832.0,0.0,-1120.0,-832.0,0.0,-1120.0,-736.0,-160.0,-912.0,-736.0,-160.0,-912.0,-736.0,-160.0,-912.0,-736.0,-160.0,-912.0,-640.0,-224.0,-672.0,-640.0,-224.0,-672.0,-640.0,-224.0,-672.0,-608.0,-80.0,-672.0,
3,1,256.0,192.0,-1104.0,256.0,192.0,-1104.0,256.0,192.0,-1104.0,272.0,304.0,-1104.0,272.0,304.0,-1104.0,272.0,304.0,-1104.0,272.0,304.0,-1104.0,288.0,320.0,-1264.0,288.0,320.0,-1264.0,288.0,320.0,-1264.0,320.0,272.0,-1648.0,320.0,272.0,-1648.0,320.0,272.0,-1648.0,304.0,256.0,-2048.0,304.0,256.0,-2048.0,304.0,256.0,-2048.0,368.0,240.0,-2048.0,368.0,240.0,-2048.0,368.0,240.0,-2048.0,368.0,240.0,-2048.0,464.0,288.0,-2048.0,464.0,288.0,-2048.0,464.0,288.0,-2048.0,544.0,464.0,-2048.0,544.0,464.0,-2048.0,544.0,464.0,-2048.0,688.0,448.0,-2048.0,688.0,448.0,-2048.0,688.0,448.0,-2048.0,832.0,560.0,-2048.0,832.0,560.0,-2048.0,832.0,560.0,-2048.0,832.0,560.0,-2048.0,1056.0,688.0,-2048.0,1056.0,688.0,-2048.0,1056.0,688.0,-2048.0,1648.0,800.0,-2048.0,1648.0,800.0,-2048.0,1648.0,800.0,-2048.0,1936.0,624.0,-2048.0,1936.0,624.0,-2048.0,1936.0,624.0,-2048.0,2048.0,432.0,-1888.0,2048.0,432.0,-1888.0,2048.0,432.0,-1888.0,2048.0,432.0,-1888.0,2048.0,192.0,-1216.0,2048.0,192.0,-1216.0,2048.0,192.0,-1216.0,2048.0,48.0,-256.0,2048.0,48.0,-256.0,2048.0,48.0,-256.0,2048.0,48.0,784.0,2048.0,48.0,784.0,2048.0,112.0,1408.0,2048.0,112.0,1408.0,2048.0,112.0,1408.0,2048.0,112.0,1408.0,1984.0,256.0,2032.0,1984.0,256.0,2032.0,1984.0,256.0,2032.0,1376.0,736.0,2032.0,1376.0,736.0,2032.0,1376.0,736.0,2032.0,1168.0,832.0,2032.0,1168.0,832.0,2032.0,1168.0,832.0,2032.0,864.0,528.0,2032.0,864.0,528.0,2032.0,864.0,528.0,2032.0,864.0,528.0,2032.0,960.0,32.0,2032.0,960.0,32.0,2032.0,960.0,32.0,2032.0,1008.0,-160.0,2032.0,1008.0,-160.0,2032.0,1008.0,-160.0,2032.0,944.0,0.0,768.0,944.0,0.0,768.0,944.0,0.0,768.0,672.0,288.0,-576.0,672.0,288.0,-576.0,672.0,288.0,-576.0,672.0,288.0,-576.0,336.0,208.0,-1216.0,336.0,208.0,-1216.0,336.0,208.0,-1216.0,160.0,32.0,-1408.0,160.0,32.0,-1408.0,160.0,32.0,-1408.0,-48.0,-336.0,-2048.0,-48.0,-336.0,-2048.0,-48.0,-336.0,-2048.0,-336.0,-1008.0,-2048.0,-336.0,-1008.0,-2048.0,-336.0,-1008.0,-2048.0,-336.0,-1008.0,-2048.0,-544.0,-528.0,-2048.0,-544.0,-528.0,-2048.0,-544.0,-528.0,-2048.0,-640.0,0.0,-1760.0,-640.0,0.0,-1760.0,-640.0,0.0,-1760.0,-576.0,-528.0,-1824.0,-576.0,-528.0,-1824.0,-576.0,-528.0,-1824.0,-576.0,-576.0,-2048.0,-576.0,-576.0,-2048.0,-576.0,-576.0,-2048.0,-576.0,-576.0,-2048.0,-592.0,144.0,-1680.0,-592.0,144.0,-1680.0,-592.0,144.0,-1680.0,-560.0,640.0,-1216.0,-560.0,640.0,-1216.0,-560.0,640.0,-1216.0,-512.0,672.0,-1072.0,-512.0,672.0,-1072.0,-512.0,672.0,-1072.0,-416.0,192.0,-1200.0,-416.0,192.0,-1200.0,-416.0,192.0,-1200.0,-416.0,192.0,-1200.0,-256.0,-160.0,-1200.0,-256.0,-160.0,-1200.0,-256.0,-160.0,-1200.0,-256.0,-144.0,-1200.0,-256.0,-144.0,-1200.0,-256.0,-144.0,-1200.0,-240.0,144.0,-992.0,-240.0,144.0,-992.0,-240.0,144.0,-992.0,-224.0,336.0,-864.0,-224.0,336.0,-864.0,-224.0,336.0,-864.0,-224.0,336.0,-864.0,-224.0,144.0,-1072.0,-224.0,144.0,-1072.0,-224.0,144.0,-1072.0,-144.0,48.0,-1136.0,-144.0,48.0,-1136.0,-144.0,48.0,-1136.0,-192.0,0.0,-1360.0,-192.0,0.0,-1360.0,-192.0,0.0,-1360.0,-160.0,-32.0,-1312.0,-160.0,-32.0,-1312.0,-160.0,-32.0,-1312.0,-160.0,-32.0,-1312.0,-144.0,64.0,-1152.0,-144.0,64.0,-1152.0,-144.0,64.0,-1152.0,-144.0,144.0,-1120.0,-144.0,144.0,-1120.0,-144.0,144.0,-1120.0,-96.0,112.0,-1088.0,-96.0,112.0,-1088.0,-96.0,112.0,-1088.0,-64.0,16.0,-1088.0,-64.0,16.0,-1088.0,-64.0,16.0,-1088.0,-64.0,16.0,-1088.0,-96.0,-48.0,-1264.0,-96.0,-48.0,-1264.0,-96.0,-48.0,-1264.0,-64.0,-32.0,-1216.0,
3,1,112.0,112.0,-1088.0,80.0,96.0,-1120.0,80.0,96.0,-1120.0,80.0,96.0,-1120.0,80.0,96.0,-1120.0,96.0,64.0,-1168.0,96.0,64.0,-1168.0,96.0,64.0,-1168.0,112.0,48.0,-1216.0,112.0,48.0,-1216.0,112.0,48.0,-1216.0,112.0,96.0,-1296.0,112.0,96.0,-1296.0,112.0,96.0,-1296.0,112.0,192.0,-1392.0,112.0,192.0,-1392.0,112.0,192.0,-1392.0,112.0,192.0,-1392.0,128.0,208.0,-1392.0,128.0,208.0,-1392.0,128.0,208.0,-1392.0,144.0,240.0,-1424.0,144.0,240.0,-1424.0,144.0,240.0,-1424.0,128.0,288.0,-1568.0,128.0,288.0,-1568.0,128.0,288.0,-1568.0,112.0,304.0,-1744.0,112.0,304.0,-1744.0,112.0,304.0,-1744.0,112.0,304.0,-1744.0,112.0,224.0,-1776.0,112.0,224.0,-1776.0,112.0,224.0,-1776.0,160.0,176.0,-1808.0,160.0,176.0,-1808.0,160.0,176.0,-1808.0,176.0,256.0,-1904.0,176.0,256.0,-1904.0,176.0,256.0,-1904.0,208.0,352.0,-1888.0,208.0,352.0,-1888.0,208.0,352.0,-1888.0,208.0,352.0,-1888.0,240.0,352.0,-1744.0,240.0,352.0,-1744.0,240.0,352.0,-1744.0,288.0,336.0,-1600.0,288.0,336.0,-1600.0,288.0,336.0,-1600.0,272.0,288.0,-1440.0,272.0,288.0,-1440.0,272.0,288.0,-1440.0,256.0,256.0,-1392.0,256.0,256.0,-1392.0,256.0,256.0,-1392.0,256.0,256.0,-1392.0,272.0,288.0,-1280.0,272.0,288.0,-1280.0,272.0,288.0,-1280.0,240.0,352.0,-1152.0,240.0,352.0,-1152.0,240.0,352.0,-1152.0,160.0,368.0,-1024.0,160.0,368.0,-1024.0,160.0,368.0,-1024.0,144.0,368.0,-960.0,144.0,368.0,-960.0,144.0,368.0,-960.0,144.0,368.0,-960.0,128.0,352.0,-800.0,128.0,352.0,-800.0,128.0,352.0,-800.0,64.0,272.0,-640.0,64.0,272.0,-640.0,64.0,272.0,-640.0,16.0,48.0,-528.0,16.0,48.0,-528.0,16.0,48.0,-528.0,-80.0,-208.0,-608.0,-80.0,-208.0,-608.0,-80.0,-208.0,-608.0,-80.0,-208.0,-608.0,-112.0,-224.0,-672.0,-112.0,-224.0,-672.0,-112.0,-224.0,-672.0,-112.0,-32.0,-464.0,-112.0,-32.0,-464.0,-112.0,-32.0,-464.0,-80.0,96.0,16.0,-80.0,96.0,16.0,-80.0,96.0,16.0,-112.0,96.0,240.0,-112.0,96.0,240.0,-112.0,96.0,240.0,-112.0,96.0,240.0,-128.0,48.0,560.0,-128.0,48.0,560.0,-128.0,48.0,560.0,-160.0,-48.0,1088.0,-160.0,-48.0,1088.0,-160.0,-48.0,1088.0,-144.0,-240.0,1664.0,-144.0,-240.0,1664.0,-144.0,-240.0,1664.0,-144.0,-304.0,2032.0,-144.0,-304.0,2032.0,-144.0,-304.0,2032.0,-144.0,-304.0,2032.0,-240.0,-304.0,2032.0,-240.0,-304.0,2032.0,-240.0,-304.0,2032.0,-272.0,-240.0,2032.0,-272.0,-240.0,2032.0,-272.0,-240.0,2032.0,-304.0,-128.0,2032.0,-304.0,-128.0,2032.0,-304.0,-128.0,2032.0,-304.0,-96.0,1664.0,-304.0,-96.0,1664.0,-304.0,-96.0,1664.0,-304.0,-96.0,1664.0,-256.0,-128.0,1328.0,-256.0,-128.0,1328.0,-256.0,-128.0,1328.0,-208.0,-128.0,1136.0,-208.0,-128.0,1136.0,-208.0,-128.0,1136.0,-128.0,-160.0,976.0,-128.0,-160.0,976.0,-128.0,-160.0,976.0,-32.0,-144.0,848.0,-32.0,-144.0,848.0,-32.0,-144.0,848.0,-32.0,-144.0,848.0,16.0,-112.0,640.0,16.0,-112.0,640.0,16.0,-112.0,640.0,176.0,-160.0,384.0,176.0,-160.0,384.0,176.0,-160.0,384.0,352.0,-96.0,64.0,352.0,-96.0,64.0,352.0,-96.0,64.0,416.0,128.0,-464.0,416.0,128.0,-464.0,416.0,128.0,-464.0,416.0,128.0,-464.0,336.0,288.0,-1072.0,336.0,288.0,-1072.0,336.0,288.0,-1072.0,240.0,272.0,-1536.0,240.0,272.0,-1536.0,240.0,272.0,-1536.0,144.0,80.0,-1968.0,144.0,80.0,-1968.0,144.0,80.0,-1968.0,32.0,-144.0,-2048.0,32.0,-144.0,-2048.0,32.0,-144.0,-2048.0,32.0,-144.0,-2048.0,-80.0,48.0,-2048.0,-80.0,48.0,-2048.0,-80.0,48.0,-2048.0,-144.0,336.0,-2016.0,-144.0,336.0,-2016.0,-144.0,336.0,-2016.0,-176.0,416.0,-1856.0,-176.0,416.0,-1856.0,-176.0,416.0,-1856.0,-192.0,352.0,-1808.0,-192.0,352.0,-1808.0,-192.0,352.0,-1808.0,-192.0,352.0,-1808.0,-176.0,208.0,-1776.0,-176.0,208.0,-1776.0,-176.0,208.0,-1776.0,-176.0,144.0,-1776.0,-176.0,144.0,-1776.0,-176.0,144.0,-1776.0,-240.0,272.0,-1632.0,-240.0,272.0,-1632.0,-240.0,272.0,-1632.0,-240.0,352.0,-1568.0,-240.0,352.0,-1568.0,-240.0,352.0,-1568.0,-240.0,352.0,-1568.0,-208.0,128.0,-1648.0,-208.0,128.0,-1648.0,-208.0,128.0,-1648.0,-208.0,-144.0,-1776.0,-208.0,-144.0,-1776.0,-208.0,-144.0,-1776.0,-240.0,-48.0,-1728.0,-240.0,-48.0,-1728.0,-240.0,-48.0,-1728.0,-240.0,96.0,-1488.0,-240.0,96.0,-1488.0,-240.0,96.0,-1488.0,-240.0,96.0,-1488.0,-208.0,176.0,-1216.0,-208.0,176.0,-1216.0,-208.0,176.0,-1216.0,-176.0,80.0,-1072.0,-176.0,80.0,-1072.0,-176.0,80.0,-1072.0,
3,2,-112.0,1632.0,-1504.0,-112.0,1632.0,-1504.0,-112.0,1632.0,-1504.0,-48.0,1568.0,-2016.0,-48.0,1568.0,-2016.0,-48.0,1568.0,-2016.0,-32.0,1584.0,-2048.0,-32.0,1584.0,-2048.0,-32.0,1584.0,-2048.0,-32.0,1584.0,-2048.0,16.0,1968.0,-2048.0,16.0,1968.0,-2048.0,16.0,1968.0,-2048.0,304.0,2032.0,-2048.0,304.0,2032.0,-2048.0,304.0,2032.0,-2048.0,704.0,1696.0,-1920.0,704.0,1696.0,-1920.0,704.0,1696.0,-1920.0,928.0,1248.0,-1936.0,928.0,1248.0,-1936.0,928.0,1248.0,-1936.0,928.0,1248.0,-1936.0,1248.0,512.0,-2032.0,1248.0,512.0,-2032.0,1248.0,512.0,-2032.0,1152.0,-384.0,-1968.0,1152.0,-384.0,-1968.0,1152.0,-384.0,-1968.0,880.0,-848.0,-2048.0,880.0,-848.0,-2048.0,880.0,-848.0,-2048.0,624.0,-1424.0,-2048.0,624.0,-1424.0,-2048.0,624.0,-1424.0,-2048.0,624.0,-1424.0,-2048.0,720.0,-1792.0,-2048.0,720.0,-1792.0,-2048.0,720.0,-1792.0,-2048.0,816.0,-1808.0,-2048.0,816.0,-1808.0,-2048.0,816.0,-1808.0,-2048.0,976.0,-1648.0,-1552.0,976.0,-1648.0,-1552.0,976.0,-1648.0,-1552.0,976.0,-1344.0,-720.0,976.0,-1344.0,-720.0,976.0,-1344.0,-720.0,976.0,-1344.0,-720.0,1040.0,-960.0,-352.0,1040.0,-960.0,-352.0,1040.0,-960.0,-352.0,1088.0,-672.0,-176.0,1088.0,-672.0,-176.0,1088.0,-672.0,-176.0,1232.0,-544.0,-400.0,1232.0,-544.0,-400.0,1232.0,-544.0,-400.0,1616.0,-256.0,-448.0,1616.0,-256.0,-448.0,1616.0,-256.0,-448.0,1616.0,-256.0,-448.0,2016.0,64.0,-192.0,2016.0,64.0,-192.0,2016.0,64.0,-192.0,2048.0,448.0,464.0,2048.0,448.0,464.0,2048.0,448.0,464.0,2048.0,592.0,1264.0,2048.0,592.0,1264.0,2048.0,592.0,1264.0,2048.0,560.0,1888.0,2048.0,560.0,1888.0,2048.0,560.0,1888.0,2048.0,560.0,1888.0,2032.0,304.0,2032.0,2032.0,304.0,2032.0,2032.0,304.0,2032.0,1808.0,-64.0,2032.0,1808.0,-64.0,2032.0,1808.0,-64.0,2032.0,1696.0,-192.0,1952.0,1696.0,-192.0,1952.0,1696.0,-192.0,1952.0,1664.0,-48.0,2016.0,1664.0,-48.0,2016.0,1664.0,-48.0,2016.0,1664.0,-48.0,2016.0,1664.0,352.0,2032.0,1664.0,352.0,2032.0,1664.0,352.0,2032.0,1584.0,976.0,2032.0,1584.0,976.0,2032.0,1584.0,976.0,2032.0,1584.0,1344.0,2032.0,1584.0,1344.0,2032.0,1584.0,1344.0,2032.0,1536.0,1152.0,2032.0,1536.0,1152.0,2032.0,1536.0,1152.0,2032.0,1536.0,1152.0,2032.0,1568.0,752.0,2032.0,1568.0,752.0,2032.0,1568.0,752.0,2032.0,1520.0,912.0,2032.0,1520.0,912.0,2032.0,1520.0,912.0,2032.0,1488.0,1280.0,2032.0,1488.0,1280.0,2032.0,1488.0,1280.0,2032.0,1536.0,1040.0,1968.0,1536.0,1040.0,1968.0,1536.0,1040.0,1968.0,1536.0,1040.0,1968.0,1536.0,864.0,1984.0,1536.0,864.0,1984.0,1536.0,864.0,1984.0,1600.0,800.0,1952.0,1600.0,800.0,1952.0,1600.0,800.0,1952.0,1568.0,640.0,1696.0,1568.0,640.0,1696.0,1568.0,640.0,1696.0,1664.0,640.0,1312.0,1664.0,640.0,1312.0,1664.0,640.0,1312.0,1664.0,640.0,1312.0,1696.0,672.0,1120.0,1696.0,672.0,1120.0,1696.0,672.0,1120.0,1600.0,752.0,1104.0,1632.0,576.0,1072.0,1632.0,576.0,1072.0,1712.0,320.0,1088.0,1712.0,320.0,1088.0,1648.0,240.0,928.0,
3,2,224.0,144.0,-1536.0,224.0,144.0,-1536.0,240.0,208.0,-1792.0,240.0,208.0,-1792.0,240.0,208.0,-1792.0,240.0,208.0,-1792.0,128.0,464.0,-2048.0,128.0,464.0,-2048.0,160.0,816.0,-2048.0,160.0,816.0,-2048.0,160.0,816.0,-2048.0,288.0,864.0,-2048.0,288.0,864.0,-2048.0,288.0,864.0,-2048.0,384.0,432.0,-2048.0,384.0,432.0,-2048.0,384.0,432.0,-2048.0,384.0,432.0,-2048.0,352.0,0.0,-2048.0,352.0,0.0,-2048.0,352.0,0.0,-2048.0,432.0,-144.0,-2048.0,432.0,-144.0,-2048.0,512.0,-80.0,-2048.0,512.0,-80.0,-2048.0,512.0,-80.0,-2048.0,704.0,192.0,-2048.0,704.0,192.0,-2048.0,1024.0,240.0,-1552.0,1024.0,240.0,-1552.0,1056.0,-272.0,-1024.0,1056.0,-272.0,-1024.0,1056.0,-272.0,-1024.0,864.0,-768.0,-800.0,864.0,-768.0,-800.0,864.0,-768.0,-800.0,608.0,-1104.0,-1040.0,608.0,-1104.0,-1040.0,608.0,-1104.0,-1040.0,608.0,-1104.0,-1040.0,352.0,-1360.0,-1296.0,352.0,-1360.0,-1296.0,352.0,-1360.0,-1296.0,304.0,-1440.0,-992.0,304.0,-1440.0,-992.0,304.0,-1440.0,-992.0,432.0,-1568.0,-1120.0,432.0,-1568.0,-1120.0,432.0,-1568.0,-1120.0,560.0,-1312.0,-752.0,560.0,-1312.0,-752.0,560.0,-1312.0,-752.0,560.0,-1312.0,-752.0,560.0,-656.0,-320.0,560.0,-656.0,-320.0,560.0,-656.0,-320.0,608.0,-112.0,-48.0,608.0,-112.0,-48.0,608.0,-112.0,-48.0,720.0,80.0,48.0,720.0,80.0,48.0,720.0,80.0,48.0,928.0,-96.0,32.0,928.0,-96.0,32.0,928.0,-96.0,32.0,928.0,-96.0,32.0,1184.0,-240.0,-64.0,1184.0,-240.0,-64.0,1184.0,-240.0,-64.0,1536.0,-320.0,128.0,1536.0,-320.0,128.0,1776.0,-32.0,512.0,1776.0,-32.0,512.0,1776.0,-32.0,512.0,1872.0,400.0,1024.0,1872.0,400.0,1024.0,1872.0,400.0,1024.0,1872.0,400.0,1024.0,1920.0,368.0,1488.0,1920.0,368.0,1488.0,1920.0,368.0,1488.0,1808.0,288.0,1840.0,1808.0,288.0,1840.0,1808.0,288.0,1840.0,1680.0,240.0,2032.0,1680.0,240.0,2032.0,1680.0,240.0,2032.0,1488.0,656.0,1872.0,1488.0,656.0,1872.0,1488.0,656.0,1872.0,1488.0,656.0,1872.0,1440.0,1008.0,1440.0,1440.0,1008.0,1440.0,1440.0,1008.0,1440.0,1520.0,1184.0,1280.0,1520.0,1184.0,1280.0,1520.0,1184.0,1280.0,1616.0,1712.0,1440.0,1616.0,1712.0,1440.0,1616.0,1712.0,1440.0,1456.0,2048.0,1776.0,1456.0,2048.0,1776.0,1456.0,2048.0,1776.0,1456.0,2048.0,1776.0,1184.0,2048.0,1952.0,1184.0,2048.0,1952.0,1184.0,2048.0,1952.0,1328.0,2048.0,1664.0,1328.0,2048.0,1664.0,1328.0,2048.0,1664.0,1456.0,2048.0,1232.0,1456.0,2048.0,1232.0,1456.0,2048.0,1232.0,1472.0,2048.0,992.0,1472.0,2048.0,992.0,1472.0,2048.0,992.0,1472.0,2048.0,992.0,1472.0,1568.0,1040.0,1472.0,1568.0,1040.0,1472.0,1568.0,1040.0,1488.0,1392.0,864.0,1488.0,1392.0,864.0,1488.0,1392.0,864.0,1472.0,1504.0,800.0,1472.0,1504.0,800.0,1472.0,1504.0,800.0,1504.0,1504.0,896.0,1504.0,1504.0,896.0,1504.0,1504.0,896.0,1504.0,1504.0,896.0,1520.0,1344.0,832.0,1520.0,1344.0,832.0,1520.0,1344.0,832.0,1584.0,1264.0,768.0,1584.0,1264.0,768.0,1584.0,1264.0,768.0,1520.0,1040.0,768.0,1520.0,1040.0,768.0,1520.0,1040.0,768.0,1456.0,752.0,608.0,1456.0,752.0,608.0,1456.0,752.0,608.0,1456.0,752.0,608.0,1312.0,512.0,560.0,1312.0,512.0,560.0,1312.0,512.0,560.0,1152.0,272.0,640.0,1152.0,272.0,640.0,1152.0,272.0,640.0,976.0,-64.0,656.0,976.0,-64.0,656.0,976.0,-64.0,656.0,768.0,-288.0,544.0,768.0,-288.0,544.0,768.0,-288.0,544.0,768.0,-288.0,544.0,608.0,-384.0,624.0,608.0,-384.0,624.0,608.0,-384.0,624.0,432.0,-480.0,784.0,432.0,-480.0,784.0,432.0,-480.0,784.0,320.0,-528.0,896.0,320.0,-528.0,896.0,320.0,-528.0,896.0,288.0,-496.0,880.0,288.0,-496.0,880.0,288.0,-496.0,880.0,288.0,-496.0,880.0,256.0,-480.0,656.0,256.0,-480.0,656.0,256.0,-480.0,656.0,288.0,-672.0,464.0,288.0,-672.0,464.0,288.0,-672.0,464.0,336.0,-816.0,240.0,336.0,-816.0,240.0,336.0,-816.0,240.0,336.0,-912.0,64.0,336.0,-912.0,64.0,336.0,-912.0,64.0,336.0,-912.0,64.0,464.0,-1120.0,0.0,464.0,-1120.0,0.0,464.0,-1120.0,0.0,640.0,-1168.0,-128.0,640.0,-1168.0,-128.0,640.0,-1168.0,-128.0,752.0,-848.0,-640.0,752.0,-848.0,-640.0,752.0,-848.0,-640.0,688.0,-400.0,-1024.0,688.0,-400.0,-1024.0,688.0,-400.0,-1024.0,688.0,-400.0,-1024.0,672.0,-112.0,-1072.0,672.0,-112.0,-1072.0,672.0,-112.0,-1072.0,592.0,128.0,-1488.0,592.0,128.0,-1488.0,592.0,128.0,-1488.0,416.0,112.0,-1968.0,416.0,112.0,-1968.0,416.0,112.0,-1968.0,416.0,16.0,-2048.0,240.0,16.0,-2048.0,240.0,16.0,-2048.0,240.0,16.0,-2048.0,144.0,-128.0,-2048.0,144.0,-128.0,-2048.0,144.0,-128.0,-2048.0,160.0,-256.0,-2048.0,160.0,-256.0,-2048.0,160.0,-256.0,-2048.0,288.0,-336.0,-1792.0,288.0,-336.0,-1792.0,288.0,-336.0,-1792.0,288.0,-336.0,-1696.0,272.0,16.0,-1696.0,272.0,16.0,-1696.0,272.0,16.0,-1696.0,64.0,480.0,-2048.0,64.0,480.0,-2048.0,64.0,480.0,-2048.0,-16.0,512.0,-2048.0,-16.0,512.0,-2048.0,-16.0,512.0,-2048.0,64.0,224.0,-1856.0,64.0,224.0,-1856.0,64.0,224.0,-1856.0,64.0,224.0,-1856.0,224.0,-144.0,-1296.0,224.0,-144.0,-1296.0,224.0,-144.0,-1296.0,304.0,-352.0,-784.0,304.0,-352.0,-784.0,304.0,-352.0,-784.0,208.0,16.0,-1024.0,208.0,16.0,-1024.0,208.0,16.0,-1024.0,96.0,352.0,-1360.0,96.0,352.0,-1360.0,96.0,352.0,-1360.0,96.0,352.0,-1360.0,96.0,384.0,-1344.0,96.0,384.0,-1344.0,96.0,384.0,-1344.0,160.0,256.0,-1232.0,160.0,256.0,-1232.0,160.0,256.0,-1232.0,240.0,64.0,-944.0,240.0,64.0,-944.0,240.0,64.0,-944.0,256.0,-32.0,-816.0,256.0,-32.0,-816.0,256.0,-32.0,-816.0,256.0,-32.0,-816.0,240.0,48.0,-832.0,240.0,48.0,-832.0,240.0,48.0,-832.0,160.0,160.0,-896.0,160.0,160.0,-896.0,160.0,160.0,-896.0,128.0,256.0,-960.0,128.0,256.0,-960.0,
3,2,-16.0,368.0,-912.0,-32.0,416.0,-1040.0,-32.0,416.0,-1040.0,-32.0,416.0,-1040.0,-48.0,480.0,-1264.0,-48.0,480.0,-1264.0,-48.0,480.0,-1264.0,-48.0,480.0,-1264.0,-96.0,400.0,-1520.0,-96.0,400.0,-1520.0,-96.0,400.0,-1520.0,-96.0,256.0,-1808.0,-96.0,256.0,-1808.0,-96.0,256.0,-1808.0,-112.0,272.0,-1936.0,-112.0,272.0,-1936.0,-112.0,272.0,-1936.0,-112.0,496.0,-1888.0,-112.0,496.0,-1888.0,-112.0,496.0,-1888.0,-112.0,496.0,-1888.0,-112.0,624.0,-1664.0,-112.0,624.0,-1664.0,-112.0,624.0,-1664.0,-128.0,624.0,-1584.0,-128.0,624.0,-1584.0,-128.0,624.0,-1584.0,-160.0,528.0,-1488.0,-160.0,528.0,-1488.0,-160.0,528.0,-1488.0,-144.0,496.0,-1376.0,-144.0,496.0,-1376.0,-144.0,496.0,-1376.0,-144.0,496.0,-1376.0,-240.0,736.0,-1536.0,-240.0,736.0,-1536.0,-240.0,736.0,-1536.0,-240.0,704.0,-1600.0,-240.0,704.0,-1600.0,-240.0,704.0,-1600.0,-176.0,656.0,-1616.0,-176.0,656.0,-1616.0,-176.0,656.0,-1616.0,-128.0,704.0,-1520.0,-128.0,704.0,-1520.0,-128.0,704.0,-1520.0,-128.0,704.0,-1520.0,-112.0,816.0,-1296.0,-112.0,816.0,-1296.0,-112.0,816.0,-1296.0,-48.0,768.0,-1024.0,-48.0,768.0,-1024.0,-48.0,768.0,-1024.0,-32.0,640.0,-1088.0,-32.0,640.0,-1088.0,-32.0,640.0,-1088.0,64.0,352.0,-1024.0,64.0,352.0,-1024.0,64.0,352.0,-1024.0,144.0,-48.0,-848.0,144.0,-48.0,-848.0,144.0,-48.0,-848.0,112.0,-416.0,-784.0,112.0,-416.0,-784.0,112.0,-416.0,-784.0,16.0,-640.0,-752.0,16.0,-640.0,-752.0,16.0,-640.0,-752.0,0.0,-896.0,-992.0,0.0,-896.0,-992.0,0.0,-896.0,-992.0,0.0,-896.0,-992.0,80.0,-1104.0,-1008.0,80.0,-1104.0,-1008.0,80.0,-1104.0,-1008.0,160.0,-1248.0,-880.0,160.0,-1248.0,-880.0,160.0,-1248.0,-880.0,224.0,-1200.0,-624.0,224.0,-1200.0,-624.0,224.0,-1200.0,-624.0,352.0,-1136.0,-544.0,352.0,-1136.0,-544.0,352.0,-1136.0,-544.0,352.0,-1136.0,-544.0,464.0,-992.0,-592.0,464.0,-992.0,-592.0,464.0,-992.0,-592.0,704.0,-896.0,-560.0,704.0,-896.0,-560.0,704.0,-896.0,-560.0,1024.0,-848.0,-640.0,1024.0,-848.0,-640.0,1024.0,-848.0,-640.0,1536.0,-800.0,-288.0,1536.0,-800.0,-288.0,1536.0,-800.0,-288.0,1536.0,-800.0,-288.0,2032.0,-544.0,448.0,2032.0,-544.0,448.0,2032.0,-544.0,448.0,2048.0,0.0,1408.0,2048.0,0.0,1408.0,2048.0,0.0,1408.0,2048.0,544.0,2032.0,2048.0,544.0,2032.0,2048.0,544.0,2032.0,2000.0,816.0,2032.0,2000.0,816.0,2032.0,2000.0,816.0,2032.0,2000.0,816.0,2032.0,1568.0,928.0,2032.0,1568.0,928.0,2032.0,1568.0,928.0,2032.0,1296.0,784.0,2032.0,1296.0,784.0,2032.0,1296.0,784.0,2032.0,1088.0,304.0,2032.0,1088.0,304.0,2032.0,1088.0,304.0,2032.0,880.0,128.0,1344.0,880.0,128.0,1344.0,880.0,128.0,1344.0,880.0,128.0,1344.0,800.0,160.0,1072.0,800.0,160.0,1072.0,800.0,160.0,1072.0,800.0,288.0,1472.0,800.0,288.0,1472.0,800.0,288.0,1472.0,960.0,336.0,2032.0,960.0,336.0,2032.0,960.0,336.0,2032.0,1056.0,512.0,2032.0,1056.0,512.0,2032.0,1056.0,512.0,2032.0,1056.0,512.0,2032.0,1040.0,784.0,2032.0,1040.0,784.0,2032.0,1040.0,784.0,2032.0,1040.0,1008.0,2032.0,1040.0,1008.0,2032.0,1040.0,1008.0,2032.0,1040.0,864.0,2016.0,1040.0,864.0,2016.0,1040.0,864.0,2016.0,1120.0,624.0,1792.0,1120.0,624.0,1792.0,1120.0,624.0,1792.0,1120.0,624.0,1792.0,1168.0,592.0,1680.0,1168.0,592.0,1680.0,1168.0,592.0,1680.0,1152.0,576.0,1648.0,1152.0,576.0,1648.0,1152.0,576.0,1648.0,1152.0,480.0,1488.0,1152.0,480.0,1488.0,1152.0,480.0,1488.0,1104.0,480.0,1264.0,1104.0,480.0,1264.0,1104.0,480.0,1264.0,1104.0,480.0,1264.0,1056.0,432.0,1088.0,1056.0,432.0,1088.0,1056.0,432.0,1088.0,1008.0,208.0,896.0,1008.0,208.0,896.0,1008.0,208.0,896.0,976.0,-208.0,736.0,976.0,-208.0,736.0,976.0,-208.0,736.0,864.0,-592.0,672.0,864.0,-592.0,672.0,864.0,-592.0,672.0,864.0,-592.0,672.0,656.0,-976.0,720.0,656.0,-976.0,720.0,656.0,-976.0,720.0,512.0,-1280.0,1024.0,512.0,-1280.0,1024.0,512.0,-1280.0,1024.0,416.0,-1360.0,1376.0,416.0,-1360.0,1376.0,416.0,-1360.0,1376.0,400.0,-1488.0,1680.0,400.0,-1488.0,1680.0,400.0,-1488.0,1680.0,400.0,-1488.0,1680.0,528.0,-1568.0,1664.0,528.0,-1568.0,1664.0,528.0,-1568.0,1664.0,720.0,-1504.0,1264.0,720.0,-1504.0,1264.0,720.0,-1504.0,1264.0,960.0,-1456.0,624.0,960.0,-1456.0,624.0,960.0,-1456.0,624.0,1200.0,-1280.0,144.0,1200.0,-1280.0,144.0,1200.0,-1280.0,144.0,1200.0,-1280.0,144.0,1264.0,-688.0,-352.0,1264.0,-688.0,-352.0,1264.0,-688.0,-352.0,800.0,384.0,-1776.0,800.0,384.0,-1776.0,800.0,384.0,-1776.0,320.0,1088.0,-2048.0,320.0,1088.0,-2048.0,320.0,1088.0,-2048.0,-16.0,496.0,-2048.0,-16.0,496.0,-2048.0,-16.0,496.0,-2048.0,-16.0,496.0,-2048.0,96.0,-384.0,-1792.0,96.0,-384.0,-1792.0,96.0,-384.0,-1792.0,96.0,-304.0,-2048.0,96.0,-304.0,-2048.0,96.0,-304.0,-2048.0,32.0,128.0,-2048.0,32.0,128.0,-2048.0,32.0,128.0,-2048.0,-32.0,320.0,-2048.0,-32.0,320.0,-2048.0,-32.0,320.0,-2048.0,-32.0,320.0,-2048.0,
3,2,288.0,576.0,-1920.0,352.0,672.0,-2048.0,352.0,672.0,-2048.0,352.0,672.0,-2048.0,352.0,672.0,-2048.0,368.0,816.0,-2048.0,368.0,816.0,-2048.0,368.0,816.0,-2048.0,416.0,912.0,-2048.0,416.0,912.0,-2048.0,416.0,912.0,-2048.0,496.0,1184.0,-2048.0,496.0,1184.0,-2048.0,496.0,1184.0,-2048.0,608.0,1472.0,-2048.0,608.0,1472.0,-2048.0,608.0,1472.0,-2048.0,608.0,1472.0,-2048.0,832.0,1456.0,-2048.0,832.0,1456.0,-2048.0,832.0,1456.0,-2048.0,1072.0,1168.0,-2048.0,1072.0,1168.0,-2048.0,1072.0,1168.0,-2048.0,1376.0,560.0,-1984.0,1376.0,560.0,-1984.0,1376.0,560.0,-1984.0,1472.0,-192.0,-1632.0,1472.0,-192.0,-1632.0,1472.0,-192.0,-1632.0,1472.0,-192.0,-1632.0,1296.0,-736.0,-1456.0,1296.0,-736.0,-1456.0,1296.0,-736.0,-1456.0,1040.0,-1200.0,-1408.0,1040.0,-1200.0,-1408.0,1040.0,-1200.0,-1408.0,768.0,-1504.0,-1280.0,768.0,-1504.0,-1280.0,768.0,-1504.0,-1280.0,528.0,-1440.0,-1472.0,528.0,-1440.0,-1472.0,528.0,-1440.0,-1472.0,528.0,-1440.0,-1472.0,384.0,-1328.0,-1968.0,384.0,-1328.0,-1968.0,384.0,-1328.0,-1968.0,560.0,-1440.0,-2048.0,560.0,-1440.0,-2048.0,560.0,-1440.0,-2048.0,1088.0,-1584.0,-2000.0,1088.0,-1584.0,-2000.0,1088.0,-1584.0,-2000.0,1440.0,-1440.0,-1520.0,1440.0,-1440.0,-1520.0,1440.0,-1440.0,-1520.0,1440.0,-1440.0,-1520.0,1824.0,-1200.0,-1344.0,1824.0,-1200.0,-1344.0,1824.0,-1200.0,-1344.0,2048.0,-928.0,-1072.0,2048.0,-928.0,-1072.0,2048.0,-928.0,-1072.0,2048.0,-688.0,-752.0,2048.0,-688.0,-752.0,2048.0,-688.0,-752.0,2048.0,-640.0,-528.0,2048.0,-640.0,-528.0,2048.0,-640.0,-528.0,2048.0,-640.0,-528.0,2048.0,-656.0,-256.0,2048.0,-656.0,-256.0,2048.0,-656.0,-256.0,2048.0,-528.0,-16.0,2048.0,-528.0,-16.0,2048.0,-528.0,-16.0,2048.0,16.0,688.0,2048.0,16.0,688.0,2048.0,16.0,688.0,2048.0,1088.0,2032.0,2048.0,1088.0,2032.0,2048.0,1088.0,2032.0,2048.0,1088.0,2032.0,2048.0,1952.0,2032.0,2048.0,1952.0,2032.0,2048.0,1952.0,2032.0,2048.0,2048.0,2032.0,2048.0,2048.0,2032.0,2048.0,2048.0,2032.0,2048.0,2048.0,2032.0,2048.0,2048.0,2032.0,2048.0,2048.0,2032.0,2048.0,2048.0,2032.0,2048.0,2048.0,2032.0,2048.0,2048.0,2032.0,2048.0,2048.0,2032.0,2048.0,2048.0,2032.0,2048.0,2048.0,2032.0,2048.0,2048.0,2032.0,2048.0,2048.0,2032.0,2048.0,2048.0,2032.0,2048.0,2048.0,2032.0,2048.0,1952.0,2032.0,2048.0,1952.0,2032.0,2048.0,1952.0,2032.0,2048.0,1728.0,1792.0,2048.0,1728.0,1792.0,2048.0,1728.0,1792.0,2048.0,1728.0,1792.0,2048.0,1440.0,1440.0,2048.0,1440.0,1440.0,2048.0,1440.0,1440.0,2048.0,1040.0,1120.0,2048.0,1040.0,1120.0,2048.0,1040.0,1120.0,2048.0,592.0,800.0,2048.0,592.0,800.0,2048.0,592.0,800.0,2048.0,80.0,640.0,2048.0,80.0,640.0,2048.0,80.0,640.0,2048.0,80.0,640.0,2048.0,-400.0,528.0,2048.0,-400.0,528.0,2048.0,-400.0,528.0,2048.0,-944.0,480.0,2048.0,-944.0,480.0,2048.0,-944.0,480.0,2048.0,-1488.0,544.0,2048.0,-1488.0,544.0,2048.0,-1488.0,544.0,1520.0,-1824.0,512.0,1520.0,-1824.0,512.0,1520.0,-1824.0,512.0,1520.0,-1824.0,512.0,1136.0,-2032.0,768.0,1136.0,-2032.0,768.0,1136.0,-2032.0,768.0,720.0,-1872.0,656.0,720.0,-1872.0,656.0,720.0,-1872.0,656.0,496.0,-1536.0,592.0,496.0,-1536.0,592.0,496.0,-1536.0,592.0,432.0,-1312.0,608.0,432.0,-1312.0,608.0,432.0,-1312.0,608.0,432.0,-1312.0,608.0,528.0,-1184.0,544.0,528.0,-1184.0,544.0,528.0,-1184.0,544.0,736.0,-944.0,416.0,736.0,-944.0,416.0,736.0,-944.0,416.0,832.0,-656.0,-144.0,832.0,-656.0,-144.0,832.0,-656.0,-144.0,848.0,-448.0,-896.0,848.0,-448.0,-896.0,848.0,-448.0,-896.0,848.0,-448.0,-896.0,912.0,-480.0,-1152.0,912.0,-480.0,-1152.0,912.0,-480.0,-1152.0,992.0,-256.0,-1024.0,992.0,-256.0,-1024.0,992.0,-256.0,-1024.0,576.0,432.0,-2048.0,576.0,432.0,-2048.0,576.0,432.0,-2048.0,496.0,624.0,-2048.0,496.0,624.0,-2048.0,496.0,624.0,-2048.0,496.0,624.0,-2048.0,480.0,32.0,-2048.0,480.0,32.0,-2048.0,480.0,32.0,-2048.0,608.0,-240.0,-1264.0,608.0,-240.0,-1264.0,608.0,-240.0,-1264.0,256.0,320.0,-2048.0,256.0,320.0,-2048.0,256.0,320.0,-2048.0,64.0,320.0,-2048.0,64.0,320.0,-2048.0,64.0,320.0,-2048.0,64.0,320.0,-2048.0,176.0,16.0,-2048.0,176.0,16.0,-2048.0,176.0,16.0,-2048.0,256.0,-224.0,-1504.0,256.0,-224.0,-1504.0,256.0,-224.0,-1504.0,384.0,-336.0,-896.0,384.0,-336.0,-896.0,384.0,-336.0,-896.0,208.0,32.0,-1232.0,208.0,32.0,-1232.0,208.0,32.0,-1232.0,208.0,32.0,-1232.0,160.0,336.0,-1744.0,160.0,336.0,-1744.0,160.0,336.0,-1744.0,144.0,304.0,-1488.0,144.0,304.0,-1488.0,144.0,304.0,-1488.0,208.0,208.0,-1392.0,
3,2,304.0,320.0,-1040.0,304.0,320.0,-1040.0,304.0,320.0,-1040.0,304.0,320.0,-1040.0,288.0,320.0,-1232.0,288.0,320.0,-1232.0,288.0,320.0,-1232.0,272.0,432.0,-1456.0,272.0,432.0,-1456.0,240.0,640.0,-1616.0,240.0,640.0,-1616.0,240.0,640.0,-1616.0,304.0,848.0,-1696.0,304.0,848.0,-1696.0,304.0,848.0,-1696.0,304.0,848.0,-1696.0,400.0,512.0,-1584.0,400.0,512.0,-1584.0,400.0,512.0,-1584.0,336.0,256.0,-1904.0,336.0,256.0,-1904.0,336.0,256.0,-1904.0,352.0,160.0,-2048.0,352.0,160.0,-2048.0,352.0,160.0,-2048.0,256.0,288.0,-2048.0,256.0,288.0,-2048.0,256.0,288.0,-2048.0,256.0,288.0,-2048.0,272.0,800.0,-2048.0,272.0,800.0,-2048.0,272.0,800.0,-2048.0,400.0,992.0,-2048.0,400.0,992.0,-2048.0,400.0,992.0,-2048.0,576.0,752.0,-1792.0,576.0,752.0,-1792.0,576.0,752.0,-1792.0,720.0,400.0,-1680.0,720.0,400.0,-1680.0,720.0,400.0,-1680.0,848.0,32.0,-1408.0,848.0,32.0,-1408.0,848.0,32.0,-1408.0,736.0,-288.0,-976.0,736.0,-288.0,-976.0,736.0,-288.0,-976.0,464.0,-480.0,-848.0,464.0,-480.0,-848.0,464.0,-480.0,-848.0,272.0,-560.0,-832.0,272.0,-560.0,-832.0,272.0,-560.0,-832.0,272.0,-560.0,-832.0,64.0,-544.0,-752.0,64.0,-544.0,-752.0,64.0,-544.0,-752.0,-112.0,-480.0,-896.0,-112.0,-480.0,-896.0,-112.0,-480.0,-896.0,-128.0,-480.0,-864.0,-128.0,-480.0,-864.0,-128.0,-480.0,-864.0,-64.0,-624.0,-640.0,-64.0,-624.0,-640.0,-64.0,-624.0,-640.0,-64.0,-624.0,-640.0,-80.0,-544.0,-592.0,-80.0,-544.0,-592.0,-80.0,-544.0,-592.0,-80.0,-400.0,-640.0,-80.0,-400.0,-640.0,-80.0,-400.0,-640.0,0.0,-368.0,-688.0,0.0,-368.0,-688.0,0.0,-368.0,-688.0,144.0,-416.0,-576.0,144.0,-416.0,-576.0,144.0,-416.0,-576.0,144.0,-416.0,-576.0,400.0,-240.0,-496.0,400.0,-240.0,-496.0,400.0,-240.0,-496.0,608.0,-112.0,-128.0,608.0,-112.0,-128.0,608.0,-112.0,-128.0,736.0,-208.0,336.0,736.0,-208.0,336.0,736.0,-208.0,336.0,832.0,-304.0,640.0,832.0,-304.0,640.0,832.0,-304.0,640.0,832.0,-304.0,640.0,848.0,-320.0,736.0,848.0,-320.0,736.0,848.0,-320.0,736.0,896.0,-256.0,624.0,896.0,-256.0,624.0,896.0,-256.0,624.0,1024.0,-96.0,576.0,1024.0,-96.0,576.0,1024.0,-96.0,576.0,1152.0,-128.0,592.0,1152.0,-128.0,592.0,1152.0,-128.0,592.0,1152.0,-128.0,592.0,1312.0,-176.0,752.0,1312.0,-176.0,752.0,1312.0,-176.0,752.0,1392.0,16.0,1056.0,1392.0,16.0,1056.0,1392.0,16.0,1056.0,1424.0,288.0,1456.0,1424.0,288.0,1456.0,1424.0,288.0,1456.0,1360.0,480.0,1536.0,1360.0,480.0,1536.0,1360.0,480.0,1536.0,1360.0,480.0,1536.0,1328.0,560.0,1504.0,1328.0,560.0,1504.0,1328.0,560.0,1504.0,1296.0,784.0,1360.0,1296.0,784.0,1360.0,1296.0,784.0,1360.0,1392.0,1040.0,1296.0,1392.0,1040.0,1296.0,1392.0,1040.0,1296.0,1632.0,816.0,1520.0,1632.0,816.0,1520.0,1632.0,816.0,1520.0,1632.0,816.0,1520.0,1744.0,880.0,1760.0,1744.0,880.0,1760.0,1744.0,880.0,1760.0,1744.0,784.0,2032.0,1744.0,784.0,2032.0,1744.0,784.0,2032.0,1632.0,752.0,2032.0,1632.0,752.0,2032.0,1632.0,752.0,2032.0,1504.0,816.0,2032.0,1504.0,816.0,2032.0,1504.0,816.0,2032.0,1504.0,816.0,2032.0,1360.0,1104.0,2032.0,1360.0,1104.0,2032.0,1360.0,1104.0,2032.0,1248.0,1376.0,1696.0,1248.0,1376.0,1696.0,1248.0,1376.0,1696.0,1168.0,1376.0,1472.0,1168.0,1376.0,1472.0,1168.0,1376.0,1472.0,1184.0,1104.0,1392.0,1184.0,1104.0,1392.0,1184.0,1104.0,1392.0,1184.0,1104.0,1392.0,1168.0,1056.0,1248.0,1168.0,1056.0,1248.0,1168.0,1056.0,1248.0,1216.0,960.0,1232.0,1216.0,960.0,1232.0,1216.0,960.0,1232.0,1264.0,1056.0,1200.0,1264.0,1056.0,1200.0,1264.0,1056.0,1200.0,1296.0,1072.0,1088.0,1296.0,1072.0,1088.0,1296.0,1072.0,1088.0,1296.0,1072.0,1088.0,1376.0,1056.0,880.0,1376.0,1056.0,880.0,1376.0,1056.0,880.0,1296.0,928.0,912.0,1296.0,928.0,912.0,1248.0,864.0,912.0,1248.0,864.0,912.0,1136.0,960.0,912.0,1136.0,960.0,912.0,1136.0,960.0,912.0,1136.0,960.0,912.0,1040.0,912.0,752.0,1040.0,912.0,752.0,1040.0,912.0,752.0,944.0,640.0,544.0,944.0,640.0,544.0,944.0,640.0,544.0,864.0,352.0,512.0,864.0,352.0,512.0,864.0,352.0,512.0,688.0,160.0,576.0,688.0,160.0,576.0,688.0,160.0,576.0,688.0,160.0,576.0,544.0,0.0,768.0,544.0,0.0,768.0,544.0,0.0,768.0,416.0,-176.0,896.0,416.0,-176.0,896.0,416.0,-176.0,896.0,288.0,-288.0,928.0,288.0,-288.0,928.0,288.0,-288.0,928.0,176.0,-304.0,768.0,176.0,-304.0,768.0,176.0,-304.0,768.0,176.0,-304.0,768.0,96.0,-352.0,432.0,96.0,-352.0,432.0,96.0,-352.0,432.0,48.0,-528.0,352.0,48.0,-528.0,352.0,48.0,-528.0,352.0,16.0,-656.0,336.0,16.0,-656.0,336.0,16.0,-656.0,336.0,48.0,-768.0,256.0,48.0,-768.0,256.0,48.0,-768.0,256.0,48.0,-768.0,256.0,80.0,-752.0,48.0,80.0,-752.0,48.0,80.0,-752.0,48.0,64.0,-544.0,-304.0,64.0,-544.0,-304.0,64.0,-544.0,-304.0,64.0,-336.0,-432.0,64.0,-336.0,-432.0,64.0,-336.0,-432.0,80.0,-256.0,-688.0,80.0,-256.0,-688.0,80.0,-256.0,-688.0,80.0,-256.0,-688.0,112.0,-240.0,-1024.0,112.0,-240.0,-1024.0,112.0,-240.0,-1024.0,48.0,-128.0,-1360.0,48.0,-128.0,-1360.0,48.0,-128.0,-1360.0,64.0,-144.0,-1040.0,64.0,-144.0,-1040.0,64.0,-144.0,-1040.0,144.0,-144.0,-848.0,144.0,-144.0,-848.0,144.0,-144.0,-848.0,144.0,-144.0,-848.0,64.0,-64.0,-1776.0,64.0,-64.0,-1776.0,64.0,-64.0,-1776.0,64.0,-112.0,-1952.0,64.0,-112.0,-1952.0,64.0,-112.0,-1952.0,32.0,-128.0,-1712.0,32.0,-128.0,-1712.0,32.0,-128.0,-1712.0,144.0,-256.0,-1280.0,144.0,-256.0,-1280.0,144.0,-256.0,-1280.0,144.0,-256.0,-1280.0,-48.0,48.0,-1792.0,-48.0,48.0,-1792.0,-48.0,48.0,-1792.0,-16.0,368.0,-2048.0,-16.0,368.0,-2048.0,-16.0,368.0,-2048.0,-96.0,560.0,-2048.0,-96.0,560.0,-2048.0,-96.0,560.0,-2048.0,-16.0,288.0,-1744.0,-16.0,288.0,-1744.0,
3,2,-128.0,112.0,-1024.0,-128.0,128.0,-992.0,-128.0,128.0,-992.0,-128.0,128.0,-992.0,-112.0,160.0,-960.0,-112.0,160.0,-960.0,-112.0,160.0,-960.0,-112.0,160.0,-944.0,-112.0,160.0,-944.0,-112.0,160.0,-944.0,-112.0,160.0,-976.0,-112.0,160.0,-976.0,-112.0,160.0,-976.0,-112.0,160.0,-976.0,-128.0,160.0,-1024.0,-128.0,160.0,-1024.0,-128.0,160.0,-1024.0,-128.0,160.0,-1024.0,-128.0,160.0,-1024.0,-128.0,160.0,-1024.0,-112.0,144.0,-960.0,-112.0,144.0,-960.0,-112.0,144.0,-960.0,-112.0,144.0,-928.0,-112.0,144.0,-928.0,-112.0,144.0,-928.0,-112.0,144.0,-928.0,-112.0,144.0,-944.0,-112.0,144.0,-944.0,-112.0,144.0,-944.0,-112.0,144.0,-976.0,-112.0,144.0,-976.0,-112.0,144.0,-976.0,-112.0,160.0,-976.0,-112.0,160.0,-976.0,-112.0,160.0,-976.0,-128.0,176.0,-976.0,-128.0,176.0,-976.0,-128.0,176.0,-976.0,-128.0,176.0,-976.0,-128.0,176.0,-976.0,-128.0,176.0,-976.0,-128.0,176.0,-976.0,-96.0,144.0,-944.0,-96.0,144.0,-944.0,-96.0,144.0,-944.0,-80.0,112.0,-896.0,-80.0,112.0,-896.0,-80.0,112.0,-896.0,-80.0,96.0,-880.0,-64.0,96.0,-880.0,-64.0,96.0,-880.0,-64.0,96.0,-880.0,-64.0,128.0,-848.0,-64.0,128.0,-848.0,-64.0,128.0,-848.0,-32.0,192.0,-864.0,-32.0,192.0,-864.0,-32.0,192.0,-864.0,-32.0,272.0,-928.0,-32.0,272.0,-928.0,-32.0,272.0,-928.0,-32.0,272.0,-928.0,-64.0,352.0,-1024.0,-64.0,352.0,-1024.0,-64.0,352.0,-1024.0,-64.0,384.0,-1216.0,-64.0,384.0,-1216.0,-64.0,384.0,-1216.0,-128.0,512.0,-1696.0,-128.0,512.0,-1696.0,-128.0,512.0,-1696.0,-304.0,768.0,-2048.0,-304.0,768.0,-2048.0,-304.0,768.0,-2048.0,-304.0,768.0,-2048.0,-384.0,1040.0,-2048.0,-384.0,1040.0,-2048.0,-384.0,1040.0,-2048.0,-256.0,1120.0,-2048.0,-256.0,1120.0,-2048.0,-256.0,1120.0,-2048.0,80.0,1056.0,-2048.0,80.0,1056.0,-2048.0,80.0,1056.0,-2048.0,272.0,1040.0,-1488.0,272.0,1040.0,-1488.0,272.0,1040.0,-1488.0,272.0,1040.0,-1488.0,336.0,1072.0,-1072.0,336.0,1072.0,-1072.0,336.0,1072.0,-1072.0,304.0,944.0,-1040.0,304.0,944.0,-1040.0,304.0,944.0,-1040.0,288.0,656.0,-1040.0,288.0,656.0,-1040.0,288.0,656.0,-1040.0,240.0,208.0,-1072.0,240.0,208.0,-1072.0,240.0,208.0,-1072.0,240.0,208.0,-1072.0,208.0,-224.0,-976.0,208.0,-224.0,-976.0,208.0,-224.0,-976.0,144.0,-480.0,-656.0,144.0,-480.0,-656.0,144.0,-480.0,-656.0,48.0,-576.0,-528.0,48.0,-576.0,-528.0,48.0,-576.0,-528.0,-80.0,-736.0,-672.0,-80.0,-736.0,-672.0,-80.0,-736.0,-672.0,-80.0,-736.0,-672.0,-208.0,-992.0,-816.0,-208.0,-992.0,-816.0,-208.0,-992.0,-816.0,-272.0,-1456.0,-992.0,-272.0,-1456.0,-992.0,-272.0,-1456.0,-992.0,-176.0,-1648.0,-1168.0,-176.0,-1648.0,-1168.0,-176.0,-1648.0,-1168.0,96.0,-1616.0,-1008.0,96.0,-1616.0,-1008.0,96.0,-1616.0,-1008.0,96.0,-1616.0,-1008.0,320.0,-1312.0,-656.0,320.0,-1312.0,-656.0,320.0,-1312.0,-656.0,528.0,-1184.0,-368.0,528.0,-1184.0,-368.0,528.0,-1184.0,-368.0,848.0,-1328.0,-32.0,848.0,-1328.0,-32.0,1376.0,-1312.0,144.0,1376.0,-1312.0,144.0,1376.0,-1312.0,144.0,1376.0,-1312.0,144.0,1568.0,-912.0,368.0,1568.0,-912.0,368.0,1568.0,-912.0,368.0,1792.0,-144.0,784.0,1792.0,-144.0,784.0,1792.0,-144.0,784.0,1920.0,544.0,1248.0,1920.0,544.0,1248.0,1920.0,544.0,1248.0,1936.0,1136.0,1680.0,1936.0,1136.0,1680.0,1936.0,1136.0,1680.0,1936.0,1136.0,1680.0,1888.0,1728.0,2032.0,1888.0,1728.0,2032.0,1888.0,1728.0,2032.0,1584.0,2048.0,2032.0,1584.0,2048.0,2032.0,1584.0,2048.0,2032.0,1312.0,2048.0,2032.0,1312.0,2048.0,2032.0,1312.0,2048.0,2032.0,1072.0,2048.0,2032.0,1072.0,2048.0,2032.0,1072.0,2048.0,2032.0,912.0,1696.0,2032.0,912.0,1696.0,2032.0,912.0,1696.0,2032.0,800.0,1360.0,1968.0,800.0,1360.0,1968.0,800.0,1360.0,1968.0,720.0,1168.0,1744.0,720.0,1168.0,1744.0,720.0,1168.0,1744.0,688.0,1328.0,1728.0,688.0,1328.0,1728.0,688.0,1328.0,1728.0,688.0,1328.0,1728.0,656.0,1552.0,1760.0,656.0,1552.0,1760.0,656.0,1504.0,1616.0,656.0,1504.0,1616.0,656.0,1504.0,1616.0,672.0,1312.0,1424.0,672.0,1312.0,1424.0,672.0,1312.0,1424.0,640.0,1200.0,1280.0,640.0,1200.0,1280.0,640.0,1200.0,1280.0,640.0,1200.0,1280.0,672.0,1104.0,1216.0,672.0,1104.0,1216.0,672.0,1104.0,1216.0,736.0,880.0,1248.0,736.0,880.0,1248.0,784.0,608.0,1232.0,784.0,608.0,1232.0,784.0,608.0,1232.0,736.0,416.0,976.0,736.0,416.0,976.0,736.0,416.0,976.0,736.0,416.0,976.0,624.0,304.0,656.0,624.0,304.0,656.0,624.0,304.0,656.0,528.0,192.0,560.0,528.0,192.0,560.0,528.0,192.0,560.0,448.0,-16.0,624.0,448.0,-16.0,624.0,448.0,-16.0,624.0,368.0,-288.0,640.0,368.0,-288.0,640.0,368.0,-288.0,640.0,240.0,-544.0,688.0,240.0,-544.0,688.0,240.0,-544.0,688.0,224.0,-624.0,752.0,224.0,-624.0,752.0,224.0,-624.0,752.0,112.0,-656.0,720.0,112.0,-656.0,720.0,112.0,-656.0,720.0,48.0,-832.0,688.0,48.0,-832.0,688.0,48.0,-832.0,688.0,48.0,-832.0,688.0,64.0,-960.0,592.0,64.0,-960.0,592.0,64.0,-960.0,448.0,64.0,-960.0,448.0,64.0,-960.0,448.0,112.0,-864.0,256.0,112.0,-864.0,256.0,112.0,-864.0,256.0,144.0,-688.0,-16.0,144.0,-688.0,-16.0,144.0,-688.0,-16.0,144.0,-688.0,-16.0,96.0,-464.0,-512.0,96.0,-464.0,-512.0,96.0,-464.0,-512.0,16.0,-256.0,-912.0,16.0,-256.0,-912.0,16.0,-256.0,-912.0,32.0,-160.0,-976.0,32.0,-160.0,-976.0,32.0,-160.0,-976.0,96.0,-80.0,-896.0,96.0,-80.0,-896.0,96.0,-80.0,-896.0,96.0,-80.0,-896.0,80.0,32.0,-1120.0,80.0,32.0,-1120.0,80.0,32.0,-1120.0,16.0,48.0,-1664.0,16.0,48.0,-1664.0,16.0,48.0,-1664.0,0.0,64.0,-1840.0,0.0,64.0,-1840.0,0.0,64.0,-1840.0,32.0,176.0,-1808.0,32.0,176.0,-1808.0,32.0,176.0,-1808.0,32.0,176.0,-1808.0,-48.0,272.0,-1744.0,-48.0,272.0,-1744.0,-48.0,272.0,-1744.0,-96.0,112.0,-1952.0,-96.0,112.0,-1952.0,-96.0,112.0,-1952.0,-96.0,-64.0,-2048.0,-96.0,-64.0,-2048.0,-96.0,-64.0,-2048.0,-144.0,-48.0,-1984.0,-144.0,-48.0,-1984.0,-144.0,-48.0,-1984.0,-144.0,-48.0,-1984.0,-144.0,48.0,-1808.0,-144.0,48.0,-1808.0,-144.0,48.0,-1808.0,-112.0,112.0,-1664.0,-112.0,112.0,-1664.0,-112.0,112.0,-1664.0,-80.0,96.0,-1600.0,-80.0,96.0,-1600.0,-80.0,96.0,-1600.0,-96.0,32.0,-1568.0,-96.0,32.0,-1568.0,-96.0,32.0,-1568.0,-96.0,32.0,-1568.0,-112.0,32.0,-1568.0,-112.0,32.0,-1568.0,-112.0,32.0,-1568.0,-80.0,80.0,-1424.0,-80.0,80.0,-1424.0,-80.0,80.0,-1424.0,-48.0,112.0,-1216.0,-48.0,112.0,-1216.0,-48.0,112.0,-1216.0,0.0,96.0,-1024.0,0.0,96.0,-1024.0,0.0,96.0,-1024.0,0.0,96.0,-1024.0,48.0,96.0,-912.0,48.0,96.0,-912.0,48.0,96.0,-912.0,32.0,128.0,-928.0,32.0,128.0,-928.0,32.0,128.0,-928.0,32.0,144.0,-960.0,32.0,144.0,-960.0,32.0,144.0,-960.0,16.0,160.0,-992.0,16.0,160.0,-992.0,16.0,160.0,-992.0,16.0,160.0,-992.0,32.0,144.0,-944.0,32.0,144.0,-944.0,32.0,144.0,-944.0,32.0,160.0,-912.0,32.0,160.0,-912.0,32.0,160.0,-912.0,32.0,128.0,-912.0,32.0,128.0,-912.0,32.0,128.0,-912.0,32.0,96.0,-848.0,32.0,96.0,-848.0,32.0,96.0,-848.0,
3,3,-192.0,240.0,-960.0,-192.0,304.0,-928.0,-192.0,304.0,-928.0,-192.0,304.0,-928.0,-208.0,272.0,-912.0,-208.0,272.0,-912.0,-208.0,272.0,-912.0,-192.0,224.0,-976.0,-192.0,224.0,-976.0,-192.0,224.0,-976.0,-192.0,224.0,-976.0,-192.0,192.0,-1040.0,-192.0,192.0,-1040.0,-192.0,192.0,-1040.0,-192.0,176.0,-1056.0,-192.0,176.0,-1056.0,-192.0,176.0,-1056.0,-208.0,160.0,-1040.0,-208.0,160.0,-1040.0,-208.0,160.0,-1040.0,-208.0,208.0,-1024.0,-208.0,208.0,-1024.0,-208.0,208.0,-1024.0,-208.0,208.0,-1024.0,-192.0,272.0,-1024.0,-192.0,272.0,-1024.0,-192.0,272.0,-1024.0,-160.0,272.0,-992.0,-160.0,272.0,-992.0,-160.0,272.0,-992.0,-144.0,256.0,-960.0,-144.0,256.0,-960.0,-144.0,256.0,-960.0,-160.0,256.0,-944.0,-160.0,256.0,-944.0,-160.0,256.0,-944.0,-160.0,256.0,-944.0,-176.0,272.0,-896.0,-176.0,272.0,-896.0,-176.0,272.0,-896.0,-160.0,272.0,-880.0,-160.0,272.0,-880.0,-160.0,272.0,-880.0,-160.0,256.0,-896.0,-160.0,256.0,-896.0,-160.0,208.0,-880.0,-160.0,208.0,-880.0,-160.0,208.0,-880.0,-160.0,208.0,-880.0,-128.0,192.0,-864.0,-128.0,192.0,-864.0,-128.0,192.0,-864.0,-128.0,256.0,-848.0,-128.0,256.0,-848.0,-128.0,256.0,-848.0,-112.0,288.0,-816.0,-112.0,288.0,-816.0,-112.0,288.0,-816.0,-128.0,256.0,-800.0,-128.0,256.0,-800.0,-128.0,256.0,-800.0,-128.0,256.0,-800.0,-144.0,240.0,-848.0,-144.0,240.0,-848.0,-144.0,240.0,-848.0,-144.0,256.0,-928.0,-144.0,256.0,-928.0,-144.0,256.0,-928.0,-144.0,336.0,-960.0,-144.0,336.0,-960.0,-144.0,336.0,-960.0,-128.0,352.0,-896.0,-128.0,352.0,-896.0,-128.0,352.0,-896.0,-128.0,352.0,-896.0,-112.0,320.0,-848.0,-128.0,320.0,-1024.0,-96.0,320.0,-1104.0,-64.0,272.0,-928.0,-96.0,224.0,-1008.0,-80.0,288.0,-1040.0,-80.0,288.0,-1040.0,-64.0,320.0,-1040.0,-64.0,320.0,-1040.0,-64.0,320.0,-1040.0,-80.0,304.0,-1072.0,-80.0,304.0,-1072.0,-80.0,304.0,-1072.0,-80.0,240.0,-1104.0,-80.0,240.0,-1104.0,-80.0,240.0,-1104.0,-80.0,208.0,-1056.0,-80.0,208.0,-1056.0,-80.0,208.0,-1056.0,-80.0,208.0,-1056.0,-64.0,224.0,-1008.0,-64.0,224.0,-1008.0,-64.0,224.0,-1008.0,-64.0,208.0,-1040.0,-64.0,208.0,-1040.0,-64.0,208.0,-1040.0,-64.0,208.0,-1088.0,-64.0,208.0,-1088.0,-64.0,208.0,-1088.0,-96.0,192.0,-1104.0,-96.0,192.0,-1104.0,-96.0,192.0,-1104.0,-96.0,192.0,-1104.0,-112.0,208.0,-1104.0,-112.0,208.0,-1104.0,-112.0,208.0,-1104.0,-80.0,192.0,-960.0,-80.0,192.0,-960.0,-80.0,192.0,-960.0,-80.0,208.0,-912.0,-80.0,208.0,-912.0,-80.0,208.0,-912.0,-80.0,272.0,-912.0,-80.0,272.0,-912.0,-80.0,272.0,-912.0,-80.0,272.0,-912.0,-80.0,272.0,-912.0,-80.0,272.0,-912.0,-80.0,272.0,-912.0,-80.0,208.0,-880.0,-80.0,208.0,-880.0,-80.0,208.0,-880.0,-80.0,208.0,-864.0,-80.0,208.0,-864.0,-80.0,208.0,-864.0,-80.0,272.0,-896.0,-80.0,272.0,-896.0,-80.0,272.0,-896.0,-80.0,272.0,-896.0,-112.0,336.0,-944.0,-112.0,336.0,-944.0,-112.0,336.0,-944.0,-112.0,368.0,-960.0,-112.0,368.0,-960.0,-112.0,368.0,-960.0,-112.0,320.0,-944.0,-112.0,320.0,-944.0,-112.0,320.0,-944.0,-112.0,256.0,-960.0,-112.0,256.0,-960.0,-112.0,256.0,-960.0,-112.0,256.0,-960.0,-112.0,256.0,-944.0,-112.0,256.0,-944.0,-112.0,304.0,-944.0,-112.0,304.0,-944.0,-112.0,304.0,-944.0,-112.0,336.0,-976.0,-112.0,336.0,-976.0,-112.0,336.0,-976.0,-112.0,288.0,-928.0,-112.0,288.0,-928.0,-112.0,288.0,-928.0,-112.0,288.0,-928.0,-112.0,208.0,-928.0,-112.0,208.0,-928.0,-112.0,208.0,-928.0,-112.0,192.0,-960.0,-112.0,192.0,-960.0,-112.0,192.0,-960.0,-128.0,208.0,-1024.0,-128.0,208.0,-1024.0,-128.0,208.0,-1024.0,-112.0,240.0,-976.0,-112.0,240.0,-976.0,-112.0,256.0,-912.0,-112.0,256.0,-912.0,-112.0,256.0,-912.0,-112.0,272.0,-880.0,-112.0,272.0,-880.0,-112.0,272.0,-880.0,-128.0,256.0,-944.0,-128.0,256.0,-944.0,-128.0,256.0,-944.0,-128.0,256.0,-976.0,-128.0,256.0,-976.0,-128.0,256.0,-976.0,-128.0,256.0,-976.0,-128.0,224.0,-1024.0,-128.0,224.0,-1024.0,-128.0,224.0,-1024.0,-112.0,192.0,-992.0,-112.0,192.0,-992.0,-112.0,192.0,-992.0,-112.0,176.0,-960.0,-112.0,176.0,-960.0,-112.0,208.0,-944.0,-112.0,208.0,-944.0,-112.0,208.0,-944.0,-112.0,208.0,-944.0,-128.0,240.0,-944.0,-128.0,240.0,-944.0,-128.0,240.0,-944.0,-128.0,288.0,-960.0,-128.0,288.0,-960.0,-128.0,288.0,-960.0,-128.0,288.0,-1024.0,-128.0,288.0,-1024.0,-128.0,288.0,-1024.0,-144.0,272.0,-1024.0,-144.0,272.0,-1024.0,-144.0,272.0,-1024.0,-128.0,272.0,-960.0,-128.0,272.0,-960.0,-128.0,272.0,-960.0,-128.0,256.0,-912.0,-128.0,256.0,-912.0,-128.0,256.0,-912.0,-112.0,240.0,-912.0,-112.0,240.0,-912.0,-112.0,240.0,-912.0,-128.0,256.0,-944.0,-128.0,256.0,-944.0,-128.0,256.0,-944.0,-128.0,256.0,-944.0,-128.0,288.0,-896.0,-128.0,288.0,-896.0,-128.0,288.0,-896.0,-128.0,320.0,-880.0,-128.0,320.0,-880.0,-144.0,320.0,-944.0,-144.0,320.0,-944.0,-144.0,320.0,-944.0,-128.0,272.0,-976.0,-128.0,272.0,-976.0,-128.0,272.0,-976.0,-128.0,272.0,-976.0,-128.0,208.0,-992.0,-128.0,208.0,-992.0,-128.0,208.0,-992.0,-112.0,192.0,-928.0,-112.0,192.0,-928.0,-112.0,192.0,-928.0,-128.0,240.0,-896.0,-128.0,240.0,-896.0,-128.0,240.0,-896.0,-128.0,240.0,-944.0,-128.0,256.0,-944.0,-128.0,256.0,-944.0,-128.0,256.0,-944.0,-128.0,240.0,-960.0,-128.0,192.0,-960.0,-128.0,192.0,-960.0,-128.0,192.0,-960.0,-128.0,112.0,-1024.0,-128.0,112.0,-1024.0,-128.0,112.0,-1024.0,-128.0,112.0,-1024.0,-128.0,112.0,-1024.0,-128.0,112.0,-1024.0,-128.0,112.0,-1024.0,-128.0,144.0,-1024.0,-128.0,144.0,-1024.0,-128.0,144.0,-1024.0,-128.0,208.0,-1008.0,-128.0,208.0,-1008.0,-128.0,208.0,-1008.0,-144.0,256.0,-1008.0,-144.0,256.0,-1008.0,-144.0,256.0,-1008.0,-144.0,256.0,-1008.0,-144.0,304.0,-976.0,-144.0,304.0,-976.0,-144.0,304.0,-976.0,-128.0,288.0,-928.0,-128.0,288.0,-928.0,-112.0,240.0,-944.0,-112.0,240.0,-944.0,-112.0,240.0,-944.0,-112.0,224.0,-944.0,-112.0,224.0,-944.0,-112.0,224.0,-944.0,-112.0,240.0,-912.0,-112.0,240.0,-912.0,-112.0,240.0,-912.0,-112.0,256.0,-912.0,-112.0,256.0,-912.0,-112.0,256.0,-912.0,-112.0,224.0,-880.0,-112.0,224.0,-880.0,-112.0,224.0,-880.0,-112.0,192.0,-912.0,-112.0,192.0,-912.0,-112.0,192.0,-912.0,-112.0,192.0,-912.0,-112.0,176.0,-944.0,-128.0,192.0,-1008.0,-128.0,192.0,-1008.0,-128.0,192.0,-1008.0,-128.0,208.0,-1024.0,-128.0,208.0,-1024.0,-128.0,208.0,-1024.0,-128.0,192.0,-976.0,-128.0,192.0,-976.0,-128.0,192.0,-976.0,-128.0,192.0,-976.0,-128.0,176.0,-960.0,-128.0,176.0,-960.0,-128.0,176.0,-960.0,-128.0,176.0,-1008.0,-128.0,176.0,-1008.0,-128.0,176.0,-1008.0,-144.0,192.0,-1024.0,-144.0,192.0,-1024.0,-144.0,192.0,-1024.0,-128.0,240.0,-1024.0,-128.0,240.0,-1024.0,-128.0,240.0,-1024.0,-128.0,240.0,-1024.0,-112.0,240.0,-992.0,-112.0,240.0,-992.0,-112.0,240.0,-992.0,-128.0,224.0,-992.0,-128.0,224.0,-992.0,-128.0,224.0,-992.0,-128.0,176.0,-1008.0,-128.0,176.0,-1008.0,-128.0,176.0,-1008.0,-128.0,160.0,-976.0,-128.0,160.0,-976.0,-128.0,160.0,-976.0,-128.0,160.0,-976.0,-128.0,176.0,-960.0,-128.0,176.0,-960.0,-128.0,176.0,-960.0,-112.0,192.0,-944.0,-112.0,192.0,-944.0,-112.0,192.0,-944.0,
3,3,-224.0,176.0,-992.0,-240.0,208.0,-928.0,-240.0,208.0,-928.0,-240.0,208.0,-928.0,-256.0,192.0,-960.0,-256.0,192.0,-960.0,-256.0,192.0,-960.0,-256.0,192.0,-960.0,-256.0,208.0,-944.0,-256.0,208.0,-944.0,-256.0,208.0,-944.0,-256.0,224.0,-912.0,-256.0,224.0,-912.0,-256.0,224.0,-912.0,-272.0,192.0,-912.0,-272.0,192.0,-912.0,-272.0,192.0,-912.0,-240.0,160.0,-912.0,-240.0,160.0,-912.0,-240.0,160.0,-912.0,-240.0,160.0,-912.0,-256.0,192.0,-848.0,-256.0,192.0,-848.0,-256.0,192.0,-848.0,-288.0,288.0,-816.0,-288.0,288.0,-816.0,-288.0,288.0,-816.0,-304.0,320.0,-864.0,-304.0,320.0,-864.0,-304.0,320.0,-864.0,-320.0,304.0,-864.0,-320.0,304.0,-864.0,-320.0,304.0,-864.0,-320.0,304.0,-864.0,-336.0,288.0,-880.0,-336.0,288.0,-880.0,-336.0,288.0,-880.0,-352.0,288.0,-912.0,-352.0,288.0,-912.0,-352.0,288.0,-912.0,-368.0,224.0,-960.0,-368.0,224.0,-960.0,-368.0,224.0,-960.0,-384.0,176.0,-976.0,-384.0,176.0,-976.0,-384.0,176.0,-976.0,-384.0,176.0,-976.0,-368.0,208.0,-960.0,-368.0,208.0,-960.0,-368.0,208.0,-960.0,-336.0,256.0,-912.0,-336.0,256.0,-912.0,-336.0,256.0,-912.0,-336.0,256.0,-880.0,-336.0,256.0,-880.0,-336.0,256.0,-880.0,-352.0,240.0,-944.0,-352.0,240.0,-944.0,-352.0,240.0,-944.0,-352.0,240.0,-944.0,-352.0,144.0,-960.0,-352.0,144.0,-960.0,-352.0,144.0,-960.0,-304.0,32.0,-912.0,-304.0,32.0,-912.0,-304.0,32.0,-912.0,-304.0,48.0,-864.0,-304.0,48.0,-864.0,-304.0,48.0,-864.0,-352.0,64.0,-1008.0,-352.0,64.0,-1008.0,-352.0,64.0,-1008.0,-352.0,64.0,-1008.0,-368.0,128.0,-1056.0,-368.0,128.0,-1056.0,-368.0,128.0,-1056.0,-352.0,160.0,-912.0,-352.0,160.0,-912.0,-352.0,160.0,-912.0,-368.0,192.0,-816.0,-368.0,192.0,-816.0,-368.0,192.0,-816.0,-400.0,160.0,-800.0,-400.0,160.0,-800.0,-400.0,160.0,-800.0,-400.0,160.0,-800.0,-400.0,96.0,-896.0,-400.0,96.0,-896.0,-400.0,96.0,-896.0,-368.0,48.0,-832.0,-368.0,48.0,-832.0,-368.0,48.0,-832.0,-352.0,0.0,-784.0,-352.0,0.0,-784.0,-352.0,0.0,-784.0,-320.0,-48.0,-672.0,-320.0,-48.0,-672.0,-320.0,-48.0,-672.0,-320.0,-48.0,-672.0,-320.0,32.0,-672.0,-320.0,32.0,-672.0,-320.0,32.0,-672.0,-352.0,112.0,-848.0,-352.0,112.0,-848.0,-352.0,112.0,-848.0,-384.0,192.0,-976.0,-384.0,192.0,-976.0,-400.0,272.0,-1024.0,-400.0,272.0,-1024.0,-400.0,272.0,-1024.0,-400.0,272.0,-1024.0,-416.0,256.0,-1024.0,-416.0,256.0,-1024.0,-416.0,256.0,-1024.0,-400.0,208.0,-944.0,-400.0,208.0,-944.0,-400.0,208.0,-944.0,-400.0,192.0,-928.0,-400.0,192.0,-928.0,-400.0,192.0,-928.0,-400.0,160.0,-976.0,-400.0,160.0,-976.0,-400.0,160.0,-976.0,-432.0,48.0,-960.0,-432.0,48.0,-960.0,-432.0,48.0,-960.0,-416.0,-48.0,-960.0,-416.0,-48.0,-960.0,-416.0,-48.0,-960.0,-416.0,-16.0,-960.0,-416.0,-16.0,-960.0,-416.0,-16.0,-960.0,-416.0,48.0,-992.0,-416.0,48.0,-992.0,-416.0,48.0,-992.0,-416.0,48.0,-992.0,-400.0,80.0,-944.0,-400.0,80.0,-944.0,-400.0,80.0,-944.0,-400.0,96.0,-848.0,-400.0,96.0,-848.0,-416.0,192.0,-816.0,-416.0,192.0,-816.0,-416.0,192.0,-816.0,-448.0,320.0,-848.0,-448.0,320.0,-848.0,-448.0,320.0,-848.0,-448.0,320.0,-848.0,-480.0,352.0,-928.0,-480.0,352.0,-928.0,-480.0,352.0,-928.0,-464.0,240.0,-864.0,-464.0,240.0,-864.0,-464.0,240.0,-864.0,-416.0,208.0,-704.0,-416.0,208.0,-704.0,-416.0,208.0,-704.0,-416.0,336.0,-560.0,-416.0,336.0,-560.0,-416.0,336.0,-560.0,-416.0,336.0,-560.0,-512.0,496.0,-688.0,-512.0,496.0,-688.0,-512.0,496.0,-688.0,-416.0,400.0,-752.0,-416.0,400.0,-752.0,-416.0,400.0,-752.0,-400.0,224.0,-672.0,-400.0,224.0,-672.0,-400.0,224.0,-672.0,-368.0,16.0,-784.0,-368.0,16.0,-784.0,-368.0,16.0,-784.0,-368.0,16.0,-784.0,-384.0,48.0,-912.0,-384.0,48.0,-912.0,-384.0,48.0,-912.0,-400.0,64.0,-944.0,-400.0,64.0,-944.0,-400.0,64.0,-944.0,-384.0,-16.0,-1040.0,-384.0,-16.0,-1040.0,-384.0,-16.0,-1040.0,-368.0,0.0,-976.0,-368.0,0.0,-976.0,-368.0,0.0,-976.0,-368.0,0.0,-976.0,-384.0,16.0,-976.0,-384.0,16.0,-976.0,-384.0,16.0,-976.0,-352.0,64.0,-944.0,-352.0,64.0,-944.0,-352.0,64.0,-944.0,-320.0,112.0,-880.0,-320.0,112.0,-880.0,-320.0,112.0,-880.0,-288.0,16.0,-864.0,-288.0,16.0,-864.0,-288.0,16.0,-864.0,-288.0,16.0,-864.0,-256.0,-32.0,-896.0,-256.0,-32.0,-896.0,-256.0,-32.0,-896.0,-320.0,128.0,-944.0,-320.0,128.0,-944.0,-320.0,128.0,-944.0,-384.0,304.0,-992.0,-384.0,304.0,-992.0,-384.0,304.0,-992.0,-352.0,304.0,-992.0,-352.0,304.0,-992.0,-352.0,304.0,-992.0,-352.0,304.0,-992.0,-272.0,160.0,-960.0,-272.0,160.0,-960.0,-272.0,160.0,-960.0,-240.0,-128.0,-992.0,-240.0,-128.0,-992.0,-240.0,-128.0,-992.0,-256.0,-336.0,-1040.0,-256.0,-336.0,-1040.0,-256.0,-336.0,-1040.0,-256.0,-240.0,-1056.0,-256.0,-240.0,-1056.0,-256.0,-240.0,-1056.0,-256.0,-240.0,-1056.0,-272.0,0.0,-1104.0,-272.0,0.0,-1104.0,-272.0,0.0,-1104.0,-288.0,96.0,-1040.0,-288.0,96.0,-1040.0,-288.0,96.0,-1040.0,-288.0,64.0,-992.0,-288.0,64.0,-992.0,-288.0,64.0,-992.0,-288.0,48.0,-992.0,-288.0,48.0,-992.0,-288.0,48.0,-992.0,-288.0,48.0,-992.0,-288.0,-16.0,-992.0,-288.0,-16.0,-992.0,-288.0,-16.0,-992.0,-288.0,-48.0,-896.0,-288.0,-48.0,-896.0,-288.0,-48.0,-896.0,-272.0,-96.0,-816.0,-272.0,-96.0,-816.0,-272.0,-96.0,-816.0,-272.0,-112.0,-800.0,-272.0,-112.0,-800.0,-272.0,-112.0,-800.0,-272.0,-112.0,-800.0,-272.0,0.0,-832.0,-272.0,0.0,-832.0,-272.0,0.0,-832.0,-320.0,48.0,-896.0,-320.0,48.0,-896.0,-320.0,48.0,-896.0,-304.0,16.0,-912.0,-304.0,16.0,-912.0,-304.0,16.0,-912.0,-304.0,32.0,-848.0,-304.0,32.0,-848.0,-304.0,32.0,-848.0,-304.0,32.0,-848.0,-288.0,64.0,-784.0,-288.0,64.0,-784.0,-288.0,64.0,-784.0,-240.0,0.0,-848.0,-240.0,0.0,-848.0,-240.0,0.0,-848.0,-272.0,-48.0,-976.0,-272.0,-48.0,-976.0,-272.0,-48.0,-976.0,-288.0,-16.0,-1040.0,-288.0,-16.0,-1040.0,-288.0,-16.0,-1040.0,-288.0,-16.0,-1040.0,-288.0,0.0,-1168.0,-288.0,0.0,-1168.0,-288.0,0.0,-1168.0,-272.0,-96.0,-1104.0,-272.0,-96.0,-1104.0,-272.0,-96.0,-1104.0,-224.0,-144.0,-928.0,-224.0,-144.0,-928.0,-224.0,-144.0,-928.0,-224.0,-96.0,-912.0,-224.0,-96.0,-912.0,-224.0,-96.0,-912.0,-224.0,-96.0,-912.0,-256.0,16.0,-1104.0,-256.0,16.0,-1104.0,-256.0,16.0,-1104.0,-288.0,16.0,-1200.0,-288.0,16.0,-1200.0,-288.0,16.0,-1200.0,-272.0,0.0,-1040.0,-272.0,0.0,-1040.0,-272.0,0.0,-1040.0,-240.0,-80.0,-880.0,-240.0,-80.0,-880.0,-240.0,-80.0,-880.0,-240.0,-80.0,-880.0,-192.0,-208.0,-800.0,-192.0,-208.0,-800.0,-192.0,-208.0,-800.0,-192.0,-176.0,-848.0,-192.0,-176.0,-848.0,-192.0,-176.0,-848.0,-240.0,0.0,-928.0,-240.0,0.0,-928.0,-240.0,0.0,-928.0,-240.0,64.0,-992.0,-240.0,64.0,-992.0,-240.0,64.0,-992.0,-240.0,64.0,-992.0,-224.0,-32.0,-1008.0,-224.0,-32.0,-1008.0,-224.0,-32.0,-1008.0,-192.0,-96.0,-960.0,-192.0,-96.0,-960.0,-192.0,-96.0,-960.0,-208.0,-96.0,-1008.0,-208.0,-96.0,-1008.0,-208.0,-96.0,-1008.0,-208.0,-16.0,-1024.0,-208.0,-16.0,-1024.0,-208.0,-16.0,-1024.0,-208.0,-16.0,-1024.0,-208.0,96.0,-1040.0,-208.0,96.0,-1040.0,-208.0,96.0,-1040.0,-224.0,128.0,-976.0,-224.0,128.0,-976.0,-224.0,128.0,-976.0,-208.0,16.0,-928.0,-208.0,16.0,-928.0,-208.0,16.0,-928.0,-192.0,-176.0,-960.0,-192.0,-176.0,-960.0,-192.0,-176.0,-960.0,-192.0,-176.0,-960.0,-176.0,-256.0,-960.0,-176.0,-256.0,-960.0,-176.0,-256.0,-960.0,-160.0,-176.0,-928.0,-160.0,-176.0,-928.0,-144.0,-16.0,-944.0,-144.0,-16.0,-944.0,-144.0,-16.0,-944.0,-160.0,80.0,-1056.0,-160.0,80.0,-1056.0,-160.0,80.0,-1056.0,-160.0,80.0,-1056.0,-192.0,32.0,-1248.0,-192.0,32.0,-1248.0,-192.0,32.0,-1248.0,-192.0,-144.0,-1232.0,
3,3,-144.0,112.0,-992.0,-144.0,128.0,-976.0,-144.0,128.0,-976.0,-144.0,128.0,-976.0,-144.0,112.0,-976.0,-144.0,112.0,-976.0,-144.0,112.0,-976.0,-144.0,112.0,-976.0,-144.0,112.0,-976.0,-144.0,112.0,-976.0,-144.0,128.0,-976.0,-144.0,128.0,-976.0,-144.0,128.0,-976.0,-144.0,128.0,-976.0,-144.0,128.0,-976.0,-144.0,128.0,-976.0,-144.0,128.0,-976.0,-144.0,128.0,-976.0,-144.0,128.0,-976.0,-144.0,128.0,-976.0,-144.0,112.0,-976.0,-144.0,112.0,-976.0,-144.0,112.0,-976.0,-144.0,128.0,-976.0,-144.0,128.0,-976.0,-144.0,128.0,-976.0,-144.0,128.0,-976.0,-144.0,112.0,-976.0,-144.0,112.0,-976.0,-144.0,112.0,-976.0,-144.0,128.0,-976.0,-144.0,128.0,-976.0,-144.0,128.0,-976.0,-144.0,112.0,-976.0,-144.0,112.0,-976.0,-144.0,112.0,-976.0,-144.0,128.0,-976.0,-144.0,128.0,-976.0,-144.0,128.0,-976.0,-144.0,128.0,-976.0,-144.0,128.0,-976.0,-144.0,128.0,-976.0,-144.0,128.0,-976.0,-144.0,112.0,-976.0,-144.0,112.0,-976.0,-144.0,112.0,-976.0,-144.0,112.0,-976.0,-144.0,112.0,-976.0,-144.0,112.0,-976.0,-144.0,112.0,-976.0,-144.0,112.0,-976.0,-144.0,112.0,-976.0,-144.0,112.0,-976.0,-144.0,112.0,-976.0,-144.0,112.0,-976.0,-144.0,112.0,-976.0,-144.0,112.0,-976.0,-144.0,112.0,-976.0,-144.0,112.0,-976.0,-144.0,112.0,-976.0,-144.0,112.0,-976.0,-144.0,112.0,-976.0,-144.0,128.0,-976.0,-144.0,128.0,-976.0,-144.0,128.0,-976.0,-144.0,128.0,-976.0,-144.0,128.0,-976.0,-144.0,128.0,-976.0,-144.0,128.0,-976.0,-144.0,112.0,-976.0,-144.0,112.0,-976.0,-144.0,112.0,-976.0,-144.0,112.0,-976.0,-144.0,112.0,-976.0,-144.0,112.0,-976.0,-144.0,112.0,-976.0,-144.0,112.0,-976.0,-144.0,112.0,-976.0,-144.0,112.0,-976.0,-144.0,112.0,-976.0,-144.0,112.0,-976.0,-144.0,112.0,-976.0,-144.0,112.0,-976.0,-144.0,112.0,-976.0,-144.0,112.0,-976.0,-144.0,112.0,-976.0,-144.0,112.0,-976.0,-144.0,112.0,-976.0,-144.0,128.0,-976.0,-144.0,128.0,-976.0,-144.0,128.0,-976.0,-144.0,128.0,-976.0,-144.0,128.0,-976.0,-144.0,128.0,-976.0,-144.0,128.0,-976.0,-144.0,112.0,-976.0,-144.0,112.0,-976.0,-144.0,112.0,-976.0,-144.0,112.0,-976.0,-144.0,112.0,-976.0,-144.0,128.0,-976.0,-144.0,128.0,-976.0,-144.0,128.0,-976.0,-144.0,128.0,-976.0,-144.0,112.0,-976.0,-144.0,112.0,-976.0,-144.0,112.0,-976.0,-144.0,112.0,-976.0,-144.0,112.0,-976.0,-144.0,128.0,-976.0,-144.0,128.0,-976.0,-144.0,128.0,-976.0,-144.0,128.0,-976.0,-144.0,128.0,-976.0,-144.0,128.0,-976.0,-144.0,112.0,-976.0,-144.0,112.0,-976.0,-144.0,112.0,-976.0,-144.0,112.0,-976.0,-144.0,112.0,-976.0,-144.0,112.0,-976.0,-144.0,112.0,-976.0,-144.0,112.0,-976.0,-144.0,112.0,-992.0,-144.0,112.0,-992.0,-144.0,112.0,-992.0,-144.0,112.0,-992.0,-144.0,112.0,-976.0,-144.0,112.0,-976.0,-144.0,112.0,-976.0,-144.0,112.0,-992.0,-144.0,112.0,-992.0,-144.0,112.0,-992.0,-144.0,112.0,-976.0,-144.0,112.0,-976.0,-144.0,112.0,-976.0,-144.0,112.0,-976.0,-144.0,112.0,-976.0,-144.0,112.0,-976.0,-144.0,112.0,-976.0,-144.0,128.0,-976.0,-144.0,128.0,-976.0,-144.0,128.0,-976.0,-144.0,112.0,-976.0,-144.0,112.0,-976.0,-144.0,112.0,-976.0,-144.0,128.0,-976.0,-144.0,128.0,-976.0,-144.0,128.0,-976.0,-144.0,128.0,-976.0,-144.0,128.0,-976.0,-144.0,128.0,-976.0,-144.0,128.0,-976.0,-144.0,112.0,-976.0,-144.0,112.0,-976.0,-144.0,112.0,-976.0,-144.0,128.0,-976.0,-144.0,128.0,-976.0,-144.0,128.0,-976.0,-144.0,128.0,-976.0,-144.0,128.0,-976.0,-144.0,128.0,-976.0,-144.0,128.0,-976.0,-144.0,128.0,-992.0,-144.0,128.0,-992.0,-144.0,128.0,-992.0,-144.0,112.0,-976.0,-144.0,112.0,-976.0,-144.0,112.0,-976.0,-144.0,128.0,-976.0,-144.0,128.0,-976.0,-144.0,128.0,-976.0,-144.0,112.0,-976.0,-144.0,112.0,-976.0,-144.0,112.0,-976.0,-144.0,112.0,-976.0,-144.0,128.0,-976.0,-144.0,128.0,-976.0,-144.0,128.0,-976.0,-144.0,112.0,-976.0,-144.0,112.0,-976.0,-144.0,112.0,-976.0,-144.0,112.0,-976.0,-144.0,112.0,-976.0,-144.0,112.0,-976.0,-144.0,128.0,-976.0,-144.0,128.0,-976.0,-144.0,128.0,-976.0,-144.0,128.0,-976.0,-144.0,128.0,-976.0,-144.0,128.0,-976.0,-144.0,128.0,-976.0,-144.0,128.0,-976.0,-144.0,128.0,-976.0,-144.0,128.0,-976.0,-144.0,128.0,-976.0,-144.0,128.0,-976.0,-144.0,128.0,-976.0,-144.0,112.0,-976.0,-144.0,112.0,-976.0,-144.0,112.0,-976.0,-144.0,128.0,-976.0,-144.0,128.0,-976.0,-144.0,128.0,-976.0,-144.0,112.0,-976.0,-144.0,112.0,-976.0,-144.0,112.0,-976.0,-144.0,112.0,-992.0,-144.0,112.0,-992.0,-144.0,112.0,-992.0,-144.0,112.0,-976.0,-144.0,112.0,-976.0,-144.0,112.0,-976.0,-144.0,112.0,-976.0,-144.0,128.0,-976.0,-144.0,128.0,-976.0,-144.0,128.0,-976.0,-144.0,112.0,-976.0,-144.0,112.0,-976.0,-144.0,112.0,-976.0,-144.0,112.0,-976.0,-144.0,112.0,-976.0,-144.0,112.0,-976.0,-144.0,112.0,-976.0,-144.0,112.0,-976.0,-144.0,112.0,-976.0,-144.0,112.0,-976.0,-144.0,128.0,-976.0,-144.0,128.0,-976.0,-144.0,128.0,-976.0,-144.0,112.0,-976.0,-144.0,112.0,-976.0,-144.0,112.0,-976.0,-144.0,112.0,-976.0,-144.0,112.0,-976.0,-144.0,112.0,-976.0,-144.0,128.0,-976.0,-144.0,128.0,-976.0,-144.0,128.0,-976.0,-144.0,112.0,-976.0,-144.0,112.0,-976.0,-144.0,112.0,-976.0,-144.0,128.0,-976.0,-144.0,128.0,-976.0,-144.0,128.0,-976.0,-144.0,128.0,-976.0,-144.0,128.0,-976.0,-144.0,128.0,-976.0,-144.0,112.0,-976.0,-144.0,112.0,-976.0,-144.0,112.0,-976.0,-144.0,112.0,-976.0,-144.0,128.0,-976.0,-144.0,128.0,-976.0,-144.0,128.0,-976.0,-144.0,112.0,-976.0,-144.0,112.0,-976.0,-144.0,112.0,-976.0,-144.0,112.0,-976.0,-144.0,112.0,-976.0,-144.0,112.0,-976.0,-144.0,112.0,-976.0,-144.0,112.0,-976.0,-144.0,112.0,-976.0,-144.0,112.0,-976.0,-144.0,112.0,-976.0,-144.0,112.0,-976.0,-144.0,112.0,-976.0,-144.0,112.0,-976.0,-144.0,112.0,-976.0,-144.0,112.0,-976.0,-144.0,128.0,-992.0,-144.0,128.0,-992.0,-144.0,128.0,-992.0,-144.0,112.0,-976.0,-144.0,112.0,-976.0,-144.0,112.0,-976.0,
3,3,-144.0,128.0,-976.0,-144.0,128.0,-976.0,-144.0,128.0,-976.0,-144.0,128.0,-976.0,-144.0,112.0,-976.0,-144.0,112.0,-976.0,-144.0,112.0,-976.0,-144.0,112.0,-976.0,-144.0,112.0,-976.0,-144.0,112.0,-976.0,-144.0,112.0,-976.0,-144.0,112.0,-976.0,-144.0,112.0,-976.0,-144.0,112.0,-976.0,-144.0,112.0,-976.0,-144.0,112.0,-976.0,-144.0,112.0,-976.0,-144.0,128.0,-976.0,-144.0,128.0,-976.0,-144.0,128.0,-976.0,-144.0,128.0,-976.0,-144.0,128.0,-976.0,-144.0,128.0,-976.0,-144.0,128.0,-976.0,-144.0,112.0,-976.0,-144.0,112.0,-976.0,-144.0,112.0,-976.0,-144.0,128.0,-976.0,-144.0,128.0,-976.0,-144.0,128.0,-976.0,-144.0,128.0,-976.0,-144.0,128.0,-976.0,-144.0,128.0,-976.0,-144.0,128.0,-976.0,-144.0,112.0,-976.0,-144.0,112.0,-976.0,-144.0,112.0,-976.0,-144.0,128.0,-976.0,-144.0,128.0,-976.0,-144.0,128.0,-976.0,-144.0,128.0,-976.0,-144.0,128.0,-976.0,-144.0,128.0,-976.0,-144.0,128.0,-976.0,-144.0,128.0,-976.0,-144.0,128.0,-976.0,-144.0,112.0,-976.0,-144.0,112.0,-976.0,-144.0,112.0,-976.0,-144.0,112.0,-976.0,-144.0,112.0,-976.0,-144.0,112.0,-976.0,-144.0,112.0,-976.0,-144.0,112.0,-976.0,-144.0,128.0,-976.0,-144.0,128.0,-976.0,-144.0,128.0,-976.0,-144.0,128.0,-976.0,-144.0,128.0,-976.0,-144.0,128.0,-976.0,-144.0,128.0,-976.0,-144.0,128.0,-976.0,-144.0,128.0,-976.0,-144.0,128.0,-976.0,-144.0,112.0,-976.0,-144.0,112.0,-976.0,-144.0,112.0,-976.0,-144.0,112.0,-976.0,-144.0,112.0,-976.0,-144.0,112.0,-976.0,-144.0,112.0,-976.0,-144.0,112.0,-976.0,-144.0,112.0,-976.0,-144.0,112.0,-976.0,-144.0,112.0,-976.0,-144.0,112.0,-976.0,-144.0,112.0,-976.0,-144.0,112.0,-976.0,-144.0,112.0,-976.0,-144.0,112.0,-976.0,-144.0,128.0,-976.0,-144.0,128.0,-976.0,-144.0,128.0,-976.0,-144.0,128.0,-976.0,-144.0,128.0,-976.0,-144.0,128.0,-976.0,-144.0,128.0,-976.0,-144.0,128.0,-976.0,-144.0,128.0,-976.0,-144.0,128.0,-976.0,-144.0,112.0,-976.0,-144.0,112.0,-976.0,-144.0,112.0,-976.0,-144.0,128.0,-976.0,-144.0,128.0,-976.0,-144.0,128.0,-976.0,-144.0,128.0,-976.0,-144.0,128.0,-976.0,-144.0,128.0,-976.0,-144.0,112.0,-976.0,-144.0,112.0,-976.0,-144.0,112.0,-976.0,-144.0,112.0,-976.0,-144.0,112.0,-976.0,-144.0,112.0,-976.0,-144.0,128.0,-976.0,-144.0,128.0,-976.0,-144.0,128.0,-976.0,-144.0,112.0,-976.0,-144.0,112.0,-976.0,-144.0,112.0,-976.0,-144.0,112.0,-976.0,-144.0,112.0,-976.0,-144.0,112.0,-976.0,-144.0,112.0,-976.0,-144.0,112.0,-976.0,-144.0,112.0,-976.0,-144.0,128.0,-992.0,-144.0,128.0,-992.0,-144.0,128.0,-992.0,-144.0,128.0,-992.0,-144.0,128.0,-976.0,-144.0,128.0,-976.0,-144.0,128.0,-976.0,-144.0,112.0,-976.0,-144.0,112.0,-976.0,-144.0,112.0,-976.0,-144.0,112.0,-976.0,-144.0,112.0,-976.0,-144.0,112.0,-976.0,-144.0,112.0,-976.0,-144.0,112.0,-976.0,-144.0,112.0,-976.0,-144.0,128.0,-976.0,-144.0,128.0,-976.0,-144.0,128.0,-976.0,-144.0,128.0,-976.0,-144.0,128.0,-976.0,-144.0,128.0,-976.0,-144.0,112.0,-976.0,-144.0,112.0,-976.0,-144.0,112.0,-976.0,-144.0,112.0,-976.0,-144.0,112.0,-976.0,-144.0,112.0,-976.0,-144.0,112.0,-976.0,-144.0,112.0,-976.0,-144.0,112.0,-976.0,-144.0,128.0,-976.0,-144.0,128.0,-976.0,-144.0,128.0,-976.0,-144.0,128.0,-976.0,-144.0,128.0,-976.0,-144.0,128.0,-976.0,-144.0,112.0,-976.0,-144.0,112.0,-976.0,-144.0,112.0,-976.0,-144.0,112.0,-976.0,-144.0,112.0,-976.0,-144.0,112.0,-976.0,-144.0,128.0,-976.0,-144.0,128.0,-976.0,-144.0,128.0,-976.0,-144.0,128.0,-976.0,-144.0,128.0,-976.0,-144.0,128.0,-976.0,-144.0,128.0,-976.0,-144.0,128.0,-976.0,-144.0,128.0,-976.0,-144.0,128.0,-976.0,-144.0,128.0,-976.0,-144.0,128.0,-976.0,-144.0,128.0,-976.0,-144.0,128.0,-976.0,-144.0,128.0,-976.0,-144.0,128.0,-976.0,-144.0,128.0,-976.0,-144.0,128.0,-976.0,-144.0,128.0,-976.0,-144.0,112.0,-976.0,-144.0,112.0,-976.0,-144.0,112.0,-976.0,-144.0,112.0,-976.0,-144.0,112.0,-976.0,-144.0,112.0,-976.0,-144.0,112.0,-976.0,-144.0,128.0,-976.0,-144.0,128.0,-976.0,-144.0,128.0,-976.0,-144.0,128.0,-976.0,-144.0,128.0,-976.0,-144.0,128.0,-976.0,-144.0,128.0,-976.0,-144.0,128.0,-976.0,-144.0,128.0,-976.0,-144.0,128.0,-976.0,-144.0,112.0,-976.0,-144.0,112.0,-976.0,-144.0,112.0,-976.0,-144.0,112.0,-976.0,-144.0,112.0,-976.0,-144.0,112.0,-976.0,-144.0,112.0,-976.0,-144.0,112.0,-976.0,-144.0,112.0,-976.0,-144.0,128.0,-976.0,-144.0,128.0,-976.0,-144.0,128.0,-976.0,-144.0,128.0,-976.0,-144.0,128.0,-976.0,-144.0,128.0,-976.0,-144.0,128.0,-976.0,-144.0,128.0,-976.0,-144.0,128.0,-976.0,-144.0,112.0,-976.0,-144.0,112.0,-976.0,-144.0,112.0,-976.0,-144.0,112.0,-976.0,-144.0,112.0,-976.0,-144.0,112.0,-976.0,-144.0,112.0,-976.0,-144.0,128.0,-976.0,-144.0,128.0,-976.0,-144.0,128.0,-976.0,-144.0,128.0,-976.0,-144.0,128.0,-976.0,-144.0,128.0,-976.0,-144.0,128.0,-976.0,-144.0,128.0,-976.0,-144.0,128.0,-976.0,-144.0,128.0,-976.0,-144.0,128.0,-976.0,-144.0,128.0,-976.0,-144.0,128.0,-976.0,-144.0,128.0,-976.0,-144.0,128.0,-976.0,-144.0,128.0,-976.0,-144.0,128.0,-976.0,-144.0,128.0,-976.0,-144.0,128.0,-976.0,-144.0,128.0,-976.0,-144.0,128.0,-976.0,-144.0,128.0,-976.0,-144.0,128.0,-976.0,-144.0,128.0,-976.0,-144.0,128.0,-976.0,-144.0,128.0,-976.0,-144.0,112.0,-976.0,-144.0,112.0,-976.0,-144.0,112.0,-976.0,-144.0,112.0,-976.0,
